IOF ID;First Name;Last Name;Country;WRS Position;WRS points;WRS events;Avg point;Region Pos
65;Tove;Alexandersson;SWE;1;6709;5;1341.8;
23032;Simona;Aebersold;SUI;2;6676;5;1335.2;
396;Andrine;Benjaminsen;NOR;3;6600;5;1320.0;
6259;Natalia;Gemperle;SUI;4;6574;5;1314.8;
22905;Sanna;Fast;SWE;5;6561;5;1312.2;
37614;Hanna;Lundberg;SWE;6;6538;5;1307.6;
4150;Venla;Harju;FIN;7;6532;5;1306.4;
4291;Marie;Olaussen;NOR;8;6502;5;1300.4;
2672;Evely;Kaasiku;EST;9;6468;5;1293.6;
1997;Sara;Hagstrom;SWE;10;6455;5;1291.0;
28437;Ida;Haapala;FIN;11;6436;5;1287.2;
33897;Cecile;Calandry;FRA;12;6409;5;1281.8;
28127;Tereza;Rauturier;CZE;13;6399;5;1279.8;
21094;Johanna;Ridefelt;SWE;13;6399;5;1279.8;
3095;Agnes;Noergaard Kracht;DEN;15;6397;5;1279.4;
5868;Marika;Teini;FIN;16;6391;5;1278.2;
24934;Tereza;Smelikova;SVK;17;6385;5;1277.0;
19685;Aleksandra;Hornik;POL;17;6385;5;1277.0;
25248;Ingrid;Lundanes;NOR;19;6378;5;1275.6;
36181;Malin;Agervig Kristiansson;DEN;20;6375;5;1275.0;
40246;Pia Young;Vik;NOR;21;6365;5;1273.0;
18906;Paula;Gross;SUI;22;6358;5;1271.6;
4290;Kamilla;Steiwer;NOR;23;6357;5;1271.4;
27559;Grace;Molloy;GBR;24;6351;5;1270.2;
23852;Victoria;Haestad Bjornstad;NOR;25;6350;5;1270.0;
844;Megan;Mitchell;GBR;26;6349;5;1269.8;
26755;Ane;Dyrkorn;NOR;27;6345;5;1269.0;
3061;Denisa;Kralova;CZE;27;6345;5;1269.0;
5370;Maija;Sianoja;FIN;29;6343;5;1268.6;
4161;Miia;Niittynen;FIN;30;6340;5;1268.0;
26630;Alina;Niggli;SUI;31;6335;5;1267.0;
33990;Sanna;Hotz;SUI;32;6331;5;1266.2;
33965;Alva;Sonesson;SWE;33;6319;5;1263.8;
24271;Amy;Nymalm;FIN;34;6314;5;1262.8;
6443;Hanna;Wisniewska;POL;35;6311;5;1262.2;
37660;Ines;Berger;SUI;35;6311;5;1262.2;
20204;Andrea;Svensson;SWE;37;6306;5;1261.2;
18912;Lotta;Karhola;FIN;38;6301;5;1260.2;
33553;Elza;Kuze;LAT;39;6300;5;1260.0;
28439;Elisa;Mattila;FIN;40;6296;5;1259.2;
25245;Jasmina;Gassner;AUT;41;6287;5;1257.4;
5710;Goeril;Roenning Sund;NOR;42;6286;5;1257.2;
40634;Eef;van Dongen;NED;42;6286;5;1257.2;
25980;Csilla;Gardonyi;HUN;44;6274;5;1254.8;
41313;Frida;Vikstrom;SWE;45;6270;5;1254.0;
1865;Sandra;Grosberga;LAT;46;6262;5;1252.4;
24183;Inka;Nurminen;FIN;47;6257;5;1251.4;
18907;Sofie;Bachmann;SUI;48;6256;5;1251.2;
2741;Helena;Karlsson;SWE;49;6255;5;1251.0;
5421;Annika;Simonsen;DEN;50;6251;5;1250.2;
24228;Anu;Tuomisto;FIN;51;6250;5;1250.0;
37838;Lucie;Semikova;CZE;52;6244;5;1248.8;
24311;Veera;Klemettinen;FIN;53;6242;5;1248.4;
33726;Hanne;Hilo;FIN;54;6240;5;1248.0;
4277;Karolin;Ohlsson;SWE;55;6238;5;1247.6;
37363;Milja;Vaataja;FIN;56;6224;5;1244.8;
42228;Rita;Maramarosi;HUN;56;6224;5;1244.8;
5339;Jo;Shepherd;GBR;58;6222;5;1244.4;
2665;Eva Ornhagen;Joergensen;DEN;58;6222;5;1244.4;
18908;Hanna;Mueller;GER;60;6220;5;1244.0;
34092;Jana;Peterova;CZE;61;6217;5;1243.4;
40702;Ida;Agervig Kristiansson;DEN;61;6217;5;1243.4;
27213;Venla;Taulavuori;FIN;61;6217;5;1243.4;
28768;Sabina;Aumo;FIN;64;6213;5;1242.6;
22961;Line;Cederberg;DEN;65;6212;5;1242.4;
42308;Lucie;Dittrichova;CZE;66;6208;5;1241.6;
32310;Hedvig Valbjorn;Gydesen;DEN;67;6206;5;1241.2;
34070;Viktoria;Mag;HUN;68;6199;5;1239.8;
2098;Anne Margrethe;Hausken Nordberg;NOR;68;6199;5;1239.8;
6735;Miri Thrane;Oedum;DEN;70;6196;5;1239.2;
42346;Mathea;Gloeersen;NOR;71;6195;5;1239.0;
332;Isia;Basset;FRA;72;6192;5;1238.4;
25262;Kaja Winsnes;Nordhagen;NOR;72;6192;5;1238.4;
28428;Anni;Haanpaa;FIN;74;6190;5;1238.0;
22836;Birte;Friedrichs;GER;75;6189;5;1237.8;
37471;Eeva Liina;Ojanaho;FIN;76;6187;5;1237.4;
47076;Henriette;Radzikowski;SUI;76;6187;5;1237.4;
33989;Lilly;Graber;SUI;78;6186;5;1237.2;
33019;Maiju;Oksanen;FIN;79;6185;5;1237.0;
33644;Ana Isabel;Toledo;ESP;80;6184;5;1236.8;
42191;Alma;Svennerud;SWE;81;6179;5;1235.8;
36417;Oda;Scheele;NOR;82;6177;5;1235.4;
34219;Johanna;Kaellvik Leufven;SWE;83;6172;5;1234.4;
26748;Lotte Jauhojarvi;Markussen;DEN;84;6156;5;1231.2;
33991;Siana;Senn;SUI;85;6153;5;1230.6;
113;Marianne;Andersen;NOR;86;6152;5;1230.4;
1946;Ewa;Bernaciak;POL;86;6152;5;1230.4;
23;Marion;Aebi;SUI;88;6150;5;1230.0;
40310;Kristin;Melby Jacobsen;NOR;89;6146;5;1229.2;
3583;Tone;Bergerud Lye;NOR;90;6142;5;1228.4;
43652;Seline;Sannwald;SUI;90;6142;5;1228.4;
24222;Enni;Jalava;FIN;92;6137;5;1227.4;
24214;Judita;Traubaite;LTU;93;6136;5;1227.2;
42345;Elisa Gotsch;Iversen;NOR;93;6136;5;1227.2;
33992;Corina;Hueni;SUI;95;6130;5;1226.0;
22869;Florence;Hanauer;FRA;96;6129;5;1225.8;
32593;Emma Louise;Arnesen;NOR;97;6127;5;1225.4;
33021;Siiri;Silvennoinen;FIN;98;6121;5;1224.2;
6084;Anna;Ulvensoen;NOR;99;6118;5;1223.6;
4836;Gabija;Razaityte;LTU;100;6115;5;1223.0;
2100;Sabine;Hauswirth;SUI;101;6109;5;1221.8;
34063;Boglarka;Czako;HUN;102;6108;5;1221.6;
4657;Carina;Polzer;AUT;103;6106;5;1221.2;
49680;Sara;Granstedt;SWE;103;6106;5;1221.2;
33955;Erika;Kaellvik Leufven;SWE;103;6106;5;1221.2;
37688;Hilda;Holmqvist Johansson;SWE;106;6105;5;1221.0;
37844;Hanna;Sudol;POL;107;6102;5;1220.4;
26352;Katrin;Mueller;SUI;108;6101;5;1220.2;
32921;Janne;Tjorhom Aasheim;NOR;109;6098;5;1219.6;
42063;Annick;Meister;SUI;110;6097;5;1219.4;
35348;Olivia;Nilsson;SWE;111;6095;5;1219.0;
2770;Mira;Kaskinen;FIN;112;6093;5;1218.6;
25174;Elin;Carlsson;SWE;112;6093;5;1218.6;
2876;Saila;Kinni;FIN;114;6090;5;1218.0;
42112;Lisa;Hubmann;SUI;114;6090;5;1218.0;
42131;Leonie;Mathis;SUI;116;6081;5;1216.2;
40523;Klara;Axelsson;SWE;117;6080;5;1216.0;
34159;Anna;Groell;AUT;117;6080;5;1216.0;
3602;Susen;Loesch;GER;117;6080;5;1216.0;
6734;Ida;Oebro;DEN;117;6080;5;1216.0;
34071;Dominika;Mero;HUN;121;6079;5;1215.8;
43691;Barbora;Matejkova;CZE;122;6074;5;1214.8;
28386;Signe;Sirma;LAT;123;6073;5;1214.6;
22581;Alice;Eid;SWE;124;6070;5;1214.0;
43636;Ingeborg Roll;Mosland;NOR;124;6070;5;1214.0;
44473;Alva;Bjork;SWE;126;6064;5;1212.8;
33961;Anja;Probst;SUI;127;6061;5;1212.2;
2132;Rebecka;Heinrup;SWE;128;6060;5;1212.0;
21903;Fiona;Bunn;GBR;129;6058;5;1211.6;
46917;Kati;Hotz;SUI;129;6058;5;1211.6;
3216;Ausrine;Kutkaite;LTU;129;6058;5;1211.6;
27963;Noora;Hyyrynen;FIN;132;6056;5;1211.2;
25196;Ellen;Klueser;GER;133;6052;5;1210.4;
20834;Lucie;Lataste;FRA;134;6046;5;1209.2;
20213;Anika;Gassner;AUT;135;6044;5;1208.8;
42423;Tereza;Kosova;CZE;135;6044;5;1208.8;
4054;Aino;Mankarla;FIN;137;6043;5;1208.6;
50611;Rachel;Marxer;SUI;137;6043;5;1208.6;
37309;Liisa;Raasakka;FIN;139;6042;5;1208.4;
44559;Heidi Kristina;Sebjornsen;NOR;140;6038;5;1207.6;
18903;Martina;Ruch;SUI;141;6036;5;1207.2;
41330;Inari;Karppinen;FIN;142;6025;5;1205.0;
41306;Vilma;Annala;FIN;142;6025;5;1205.0;
41319;Fanny;Sundblad;SWE;144;6024;5;1204.8;
33944;Amanda;Kleijn;SWE;145;6023;5;1204.6;
42185;Elsa;Sonesson;SWE;146;6020;5;1204.0;
45998;Tiina;Niemi;FIN;147;6017;5;1203.4;
40289;Justine;Hamel;SUI;148;6012;5;1202.4;
28023;Yevheniia;Veremeienko;UKR;149;6007;5;1201.4;
4468;Sandra;Pauzaite;LTU;150;6006;5;1201.2;
37275;Annabelle;Delenne;FRA;151;6003;5;1200.6;
25037;Marthe;Gloersen;NOR;151;6003;5;1200.6;
4318;Anna Magdalena;Olsson;SWE;153;6002;5;1200.4;
28426;Lotta;Eerola;FIN;154;6000;5;1200.0;
24882;Filipa;Rodrigues;POR;155;5998;5;1199.6;
5321;Iliana;Ilieva;BUL;156;5996;5;1199.2;
18880;Zsofia;Divin;HUN;157;5992;5;1198.4;
42229;Janka;Mikes;HUN;158;5990;5;1198.0;
34011;Anna;Pradel;ITA;158;5990;5;1198.0;
42024;Virna;Pellikka;FIN;160;5986;5;1197.2;
24928;Juliette;Basset;FRA;161;5985;5;1197.0;
19038;Josefin;Tjernlund;SWE;162;5983;5;1196.6;
40263;Vendela;Soderqvist;SWE;163;5981;5;1196.2;
43698;Rachel;Baker;NZL;164;5980;5;1196.0;
28253;Vilma;von Krusenstierna;SWE;165;5977;5;1195.4;
5414;Anna;Nilsson Simkovics;AUT;166;5972;5;1194.4;
37658;Anna;Gasser;SUI;167;5971;5;1194.2;
31027;Caitlin;Young;AUS;168;5970;5;1194.0;
153;Andra Cecilia;Anghel;ROU;168;5970;5;1194.0;
37260;Veera;Laaksoviita;FIN;170;5968;5;1193.6;
25203;Hanna;Hugosson;SWE;171;5967;5;1193.4;
31838;Liisa;Peltonen;FIN;172;5966;5;1193.2;
46912;Sarina;Grimm;SUI;173;5965;5;1193.0;
2213;Ragnhild;Hjermstad;NOR;174;5964;5;1192.8;
31933;Tessa;Salmia;FIN;175;5963;5;1192.6;
44667;Anna;Taksdal;NOR;176;5961;5;1192.2;
47019;Alice;Ek;SWE;176;5961;5;1192.2;
41837;Tilda;Palm;SWE;178;5957;5;1191.4;
38433;Pihla;Hakkinen;FIN;178;5957;5;1191.4;
28136;Feia;Tsyvilska;UKR;180;5956;5;1191.2;
26757;Thea;Dyrkorn;NOR;181;5953;5;1190.6;
25525;Nelly;Carlsson;SWE;182;5951;5;1190.2;
21929;Hanna;Hanstrom;SWE;183;5949;5;1189.8;
33904;Tifenn;Moulet;FRA;184;5946;5;1189.2;
22791;Netta;Rajamaki;FIN;185;5945;5;1189.0;
33936;Johanna;Borjesson Eriksson;SWE;185;5945;5;1189.0;
37656;Hanna;Wey;SUI;185;5945;5;1189.0;
2209;Eveliina;Hirvonen;FIN;188;5944;5;1188.8;
38355;Joelle;Meister;SUI;188;5944;5;1188.8;
44557;Fruzsina;Mag;HUN;190;5943;5;1188.6;
6236;Laura;Vike;LAT;191;5942;5;1188.4;
28316;Ylvi;Kastner;AUT;192;5939;5;1187.8;
46944;Sigrid Schmitt;Gran;NOR;193;5937;5;1187.4;
41333;Veera;Turakainen;FIN;193;5937;5;1187.4;
46499;Frida;Haugskott;NOR;195;5930;5;1186.0;
3932;Svetlana;Mironova;IIA;196;5924;5;1184.8;
37482;Emilia;Tala;FIN;197;5923;5;1184.6;
47425;Emmi;Virtala;FIN;198;5921;5;1184.2;
1107;Inga;Dambe;LAT;199;5917;5;1183.4;
37751;Sigrid Hoeyer;Staugaard;DEN;200;5915;5;1183.0;
40682;Ingeborg Rygg;Eikeland;NOR;201;5912;5;1182.4;
44416;Emma;Emilsson;SWE;202;5910;5;1182.0;
24795;Suvi;Heittola;FIN;203;5908;5;1181.6;
22769;Johanna;Trummer;AUT;204;5904;5;1180.8;
28068;Marine;Sillien;BEL;205;5903;5;1180.6;
682;Lone Karin;Brochmann;NOR;206;5901;5;1180.2;
20089;Andreya;Dyaksova;BUL;206;5901;5;1180.2;
37076;Matilda;Eriksson;SWE;208;5896;5;1179.2;
20919;Erica;Edman;SWE;209;5894;5;1178.8;
22973;Karoliina;Ukskoski;FIN;210;5891;5;1178.2;
33424;Kaia;Joergensen;NZL;210;5891;5;1178.2;
34245;Alberte;Kaae Nielsen;DEN;212;5887;5;1177.4;
5039;Sigrid;Ruul;EST;212;5887;5;1177.4;
46223;Marieluise Schmitt;Gran;NOR;214;5884;5;1176.8;
41328;Jenny;Ojala;FIN;214;5884;5;1176.8;
22989;Marianne;Haug;EST;214;5884;5;1176.8;
4894;Annika;Rihma;EST;217;5881;5;1176.2;
3459;Rebecka;Lindberg;SWE;218;5879;5;1175.8;
19192;Laura;Pukite;LAT;218;5879;5;1175.8;
21517;Chloe;Potter;GBR;220;5876;5;1175.2;
40673;Alva Marika;Niklasson;NOR;221;5873;5;1174.6;
25628;Rita;Becze;HUN;222;5872;5;1174.4;
43245;Anouk;van der Burgt;NED;223;5871;5;1174.2;
42550;Nina;Probst;SUI;224;5868;5;1173.6;
45450;Aline;Schmuki;SUI;225;5865;5;1173.0;
28440;Maria;Maattanen;FIN;226;5863;5;1172.6;
5478;Aija;Skrastina;LAT;227;5859;5;1171.8;
26349;Marita;Hotz;SUI;228;5858;5;1171.6;
20787;Marie;Kravdal;NOR;229;5856;5;1171.2;
6357;Amanda Falck;Weber;DEN;230;5852;5;1170.4;
50848;Samira;Meier;SUI;230;5852;5;1170.4;
37657;Nina;Hubmann;SUI;232;5851;5;1170.2;
32546;Venla;Turakainen;FIN;233;5844;5;1168.8;
22997;Maria;Prieto;ESP;234;5837;5;1167.4;
18915;Tuija;Kuusela;FIN;234;5837;5;1167.4;
4138;Patricia;Nieke;GER;236;5835;5;1167.0;
32893;Hedda Raadal;Bjoerlo;NOR;236;5835;5;1167.0;
33938;Jennie;Borjesson Eriksson;SWE;238;5834;5;1166.8;
6631;Margret;Zimmermann;EST;239;5831;5;1166.2;
44334;Julia;Fritz;GER;240;5830;5;1166.0;
1058;Alison;Crocker;USA;240;5830;5;1166.0;
36061;Sara Nystroem;Olsen;NOR;242;5828;5;1165.6;
45964;Minja;Nietula;FIN;243;5827;5;1165.4;
46429;Aoi;Yamasaki;JPN;244;5826;5;1165.2;
37098;Anniina;Taipale;FIN;245;5823;5;1164.6;
37451;Tereza;Korpasova;CZE;246;5816;5;1163.2;
52931;Mina;Akiko Johnsen;NOR;247;5814;5;1162.8;
20926;Margrethe;Wisloff;NOR;247;5814;5;1162.8;
37173;Matilda;Virtanen;FIN;249;5813;5;1162.6;
41689;Maddalena;De Biasi;ITA;250;5812;5;1162.4;
44153;Fanny;Delahaye;FRA;251;5807;5;1161.4;
28546;Alina;Palcau;FRA;251;5807;5;1161.4;
4265;Alison;Smithard;GBR;253;5806;5;1161.2;
35316;Janina;Donner;FIN;253;5806;5;1161.2;
22947;Elif Gokce;Avci Ataman;TUR;253;5806;5;1161.2;
43873;Signe;Nilsson;SWE;256;5805;5;1161.0;
22871;Chloe;Dudoignon;FRA;256;5805;5;1161.0;
41282;Iida Emilia;Kaiponen;FIN;258;5804;5;1160.8;
34028;Luboslava;Weissova;SVK;259;5795;5;1159.0;
44666;Amanda;Granqvist;SWE;260;5793;5;1158.6;
20211;Chloe;Haberkorn;FRA;260;5793;5;1158.6;
47592;Anja;Hole;NOR;260;5793;5;1158.6;
4530;Lovisa;Persson;SWE;263;5792;5;1158.4;
37416;Leonarda;Baltina;LAT;264;5790;5;1158.0;
44256;Aniko;Koren;HUN;265;5787;5;1157.4;
26966;Niamh;Hunter;GBR;266;5785;5;1157.0;
33846;Andrea;Ranvik;NOR;267;5783;5;1156.6;
37273;Alix;Villar;FRA;267;5783;5;1156.6;
4616;Olena;Pitirimova;UKR;267;5783;5;1156.6;
37837;Jana;Pekarova;CZE;270;5778;5;1155.6;
40487;Nea;Shingler;AUS;270;5778;5;1155.6;
42363;Judit;Ravell;ESP;272;5775;5;1155.0;
34153;Milla;Key;AUS;272;5775;5;1155.0;
54939;Tova;Rangert;SWE;274;5774;5;1154.8;
42329;Maria;Eller;EST;275;5770;5;1154.0;
41952;Imogen;Pieters;GBR;276;5769;5;1153.8;
18858;Rahela;Brunner;SUI;277;5768;5;1153.6;
41905;Emmi;Markki;FIN;278;5763;5;1152.6;
37720;Emma;Caspari;GER;279;5757;5;1151.4;
19298;Johanna;Engstrom;SWE;279;5757;5;1151.4;
46879;Klara;Graversen;NOR;281;5756;5;1151.2;
968;Ying Yau;Chu;HKG;282;5751;5;1150.2;
26953;Suvi;Heikkila;FIN;283;5746;5;1149.2;
49690;Klara;Akerman Sjostrom;SWE;284;5743;5;1148.6;
47017;Sigrid;Haugskott;NOR;285;5740;5;1148.0;
27688;Sonja;Julkunen;FIN;285;5740;5;1148.0;
18867;Ayse;Isler;TUR;287;5739;5;1147.8;
2117;Pim;Hedberg;SWE;288;5738;5;1147.6;
42330;Lovise Harriette;Koppel;EST;289;5736;5;1147.2;
19798;Suvi;Simonsen;FIN;289;5736;5;1147.2;
37114;Rachel;Brown;GBR;291;5735;5;1147.0;
44208;Kadri;Kadakas;EST;292;5730;5;1146.0;
37772;Jenni;Ovaska;FIN;293;5728;5;1145.6;
42347;Mari;Eidsmo;NOR;293;5728;5;1145.6;
33139;Julia;Krekels;BEL;295;5727;5;1145.4;
42115;Minna;Senn;SUI;296;5726;5;1145.2;
37834;Barbora;Smolkova;CZE;297;5724;5;1144.8;
19190;Laura;Leiboma;LAT;298;5723;5;1144.6;
1767;Liliana;Gotseva;BUL;299;5721;5;1144.2;
37299;Ida;Jussila;FIN;300;5717;5;1143.4;
4284;Outi;Hytonen;FIN;301;5714;5;1142.8;
45951;Tina;Kalleson;NOR;302;5712;5;1142.4;
19186;Madara;Brice;LAT;303;5711;5;1142.2;
1476;Hanna;Fedosieieva;UKR;304;5709;5;1141.8;
4916;Laura;Robertson;NZL;304;5709;5;1141.8;
1357;Grace;Crane;AUS;306;5701;5;1140.2;
5948;Ellinor;Tjernlund;SWE;307;5699;5;1139.8;
46307;Oona;Kaikkonen;FIN;307;5699;5;1139.8;
41171;Migle;Cincikaite;LTU;309;5698;5;1139.6;
49114;Anni;Ahlfors;FIN;310;5697;5;1139.4;
42227;Kamilla;Kiss;HUN;311;5692;5;1138.4;
41927;Karin;Lindgren;SWE;312;5689;5;1137.8;
42042;Lone Constanze;Pompe;GER;313;5688;5;1137.6;
33240;Eilidh;Campbell;GBR;314;5685;5;1137.0;
22541;Renee;Beveridge;NZL;315;5684;5;1136.8;
23093;Lara;Molloy;NZL;315;5684;5;1136.8;
46002;Kiia;Miettinen;FIN;317;5679;5;1135.8;
35152;Ronja;Bjorklund;SWE;317;5679;5;1135.8;
41084;Justine;Hobson;AUS;319;5677;5;1135.4;
2458;Kristina;Sirakova;BUL;320;5675;5;1135.0;
42147;Alice;Merat;FRA;321;5674;5;1134.8;
5593;Agata;Olejnik;POL;322;5672;5;1134.4;
32102;Emily;Sorensen;AUS;323;5667;5;1133.4;
36580;Kaisa;Klemettinen;FIN;323;5667;5;1133.4;
27977;Ieva;Ruksane;LAT;325;5663;5;1132.6;
46941;Emmi;Hietala;FIN;326;5659;5;1131.8;
6080;Kerstin;Uiboupin;EST;327;5658;5;1131.6;
42039;Marlene;Fritz;GER;327;5658;5;1131.6;
42299;Ruta;Dabolina;LAT;329;5657;5;1131.4;
33340;Lina;Buchberger;AUT;330;5652;5;1130.4;
6621;Tatsiana;Voveriene;LTU;330;5652;5;1130.4;
41316;Anna;Hallmen;SWE;332;5648;5;1129.6;
43052;Katherine;Babington;NZL;333;5645;5;1129.0;
40540;Rachel;Duckworth;GBR;334;5642;5;1128.4;
20217;Laura;Joonas;EST;335;5640;5;1128.0;
41214;Zara;Stewart;NZL;336;5627;5;1125.4;
42295;Sanda;Lapina;LAT;337;5626;5;1125.2;
41953;Isobel;Howard;GBR;337;5626;5;1125.2;
28359;Jessica;Lucchetta;ITA;339;5625;5;1125.0;
37897;Victoria;Nosenco;MDA;340;5621;5;1124.2;
46633;Alba;Trabal Garmon;ESP;341;5617;5;1123.4;
23960;Karoline;Aune;NOR;342;5616;5;1123.2;
24278;Tamara;Miklusova;SVK;343;5615;5;1123.0;
19070;Helen;Ockenden;GBR;344;5611;5;1122.2;
20391;Emma;Wilson;GBR;345;5606;5;1121.2;
33982;Taisiia;Khokhlova;IIA;346;5603;5;1120.6;
24229;Satu;Tuomisto;FIN;346;5603;5;1120.6;
27167;Ellie;Bales;GBR;348;5602;5;1120.4;
22957;Tonje;Vassend;NOR;349;5597;5;1119.4;
18991;Martina;Palumbo;ITA;350;5594;5;1118.8;
41813;Laura;Bobach;DEN;351;5587;5;1117.4;
22603;Hannah;Thiels;BEL;352;5581;5;1116.2;
37615;Patricia;Toledo;ESP;352;5581;5;1116.2;
46717;Freya;Tryner;GBR;354;5579;5;1115.8;
32908;Emilie;Westin;NOR;355;5578;5;1115.6;
43453;Emma;Kocsis;SUI;356;5575;5;1115.0;
46930;Valentina;Quadri;SUI;357;5574;5;1114.8;
40269;Ana;Defez Cernicharo;ESP;357;5574;5;1114.8;
40237;Mar;Serrallonga Rosell;ESP;359;5573;5;1114.6;
28736;Briana;Steven;NZL;359;5573;5;1114.6;
50851;Eliane;Auer;SUI;361;5571;5;1114.2;
5493;Olga;Balabanova;UKR;362;5566;5;1113.2;
52107;Oona;Tonder;FIN;363;5560;5;1112.0;
41300;Ida;Heikkinen;FIN;364;5559;5;1111.8;
43088;Taiga;Lazdane;LAT;365;5553;5;1110.6;
40318;Birgit Dorthea Kleppa;Madslien;NOR;366;5552;5;1110.4;
1945;Tekle Emilija;Gvildyte;LTU;367;5551;5;1110.2;
43162;Malvina;Girinskyte;LTU;368;5548;5;1109.6;
45978;Stella Maria;Holmboe;NOR;369;5545;5;1109.0;
2881;Christine;Kirchlechner;ITA;370;5544;5;1108.8;
22119;Ana;Camarasa;ESP;371;5542;5;1108.4;
4737;Irita;Pukite;LAT;372;5540;5;1108.0;
42038;Annika;Stamer;GER;373;5539;5;1107.8;
44404;Anna;Babington;NZL;374;5538;5;1107.6;
50861;Charlotte;Plattner;SUI;375;5534;5;1106.8;
34303;Mariia;Khimochkina;IIA;375;5534;5;1106.8;
41516;Fabienne;Jakob;SUI;377;5532;5;1106.4;
43649;Daisy;McNamara;GBR;378;5529;5;1105.8;
459;Stepanka;Betkova;CZE;379;5527;5;1105.4;
37296;Jenny;Virtala;FIN;380;5526;5;1105.2;
5247;Imogene;Scott;NZL;381;5524;5;1104.8;
32565;Mikayla;Cooper;AUS;382;5523;5;1104.6;
4274;Greet;Oeyen;BEL;383;5522;5;1104.4;
19187;Francesca;Taufer;ITA;384;5519;5;1103.8;
34554;Mikaela;Gray;AUS;385;5514;5;1102.8;
34501;Katarina;Kubinova;SVK;386;5513;5;1102.6;
43831;Kana;Higuchi;JPN;387;5511;5;1102.2;
33643;Kika;Basaran van Ham;ESP;388;5509;5;1101.8;
28073;Ems;De Smul;BEL;389;5505;5;1101.0;
49769;Maria;Bermejo Agustin;ESP;390;5498;5;1099.6;
46404;Elin;Nilsson;SWE;391;5497;5;1099.4;
32204;Mairi;Eades;GBR;392;5495;5;1099.0;
46802;Bodza Virag;Gerzsenyi;HUN;393;5493;5;1098.6;
53137;Maja;Ahlstrom;SWE;394;5490;5;1098.0;
36416;Ane Sofie;Krogh;NOR;395;5488;5;1097.6;
31701;Emilija;Tamoseviciute;LTU;396;5483;5;1096.6;
37595;Guenda;Zaffanella;ITA;397;5480;5;1096.0;
27567;Clodagh;Moran;IRL;398;5476;5;1095.2;
32948;Henna;Yliluikki;FIN;398;5476;5;1095.2;
37636;Siri;Suter;SUI;400;5467;5;1093.4;
46349;Nora Angelina;Schuessler;CAN;401;5465;5;1093.0;
21891;Kathryn;Barr;GBR;402;5463;5;1092.6;
988;Meri;Chkripeska;MKD;403;5454;5;1090.8;
642;Evalin;Brautigam;USA;404;5450;5;1090.0;
50080;Liina;Hyyppa;FIN;405;5437;5;1087.4;
41187;Amalie;Ertmann;DEN;406;5434;5;1086.8;
25398;Deimante;Motiejunaite;LTU;406;5434;5;1086.8;
54285;Piret;Davies;EST;408;5430;5;1086.0;
51432;Sofie;Bodin;SWE;409;5428;5;1085.6;
41322;Elise;Josefsson;SWE;410;5427;5;1085.4;
142;Hanna;Androsovych;UKR;411;5425;5;1085.0;
25397;Akvile;Bartkeviciute;LTU;412;5416;5;1083.2;
4697;Aislinn;Prendergast;AUS;413;5415;5;1083.0;
44396;Jocie;Hilton;GBR;414;5413;5;1082.6;
42199;Leonor;Ferreira;POR;415;5400;5;1080.0;
2426;Hinako;Inage;JPN;416;5399;5;1079.8;
37755;Brigitte;Panker;EST;416;5399;5;1079.8;
24818;Janika;Puikkonen;FIN;418;5396;5;1079.2;
3752;Kristina;Maseviciute;LTU;419;5395;5;1079.0;
3694;Olesea;Cecan;MDA;420;5392;5;1078.4;
34049;Judit;Divin;ROU;421;5385;5;1077.0;
27540;Elena;Pezzati;SUI;422;5382;5;1076.4;
20062;Paula;Starke;GER;422;5382;5;1076.4;
45231;Tide;Faavae;NZL;422;5382;5;1076.4;
44390;Daisy;Rennie;GBR;425;5381;5;1076.2;
43941;Una Undine;Dzerve;LAT;426;5377;5;1075.4;
41038;Erika;Enderby;AUS;427;5374;5;1074.8;
25869;Amelia;Horne;NZL;428;5372;5;1074.4;
37594;Nicole;Riz;ITA;429;5362;5;1072.4;
51142;Venla;Tikkanen;FIN;430;5352;5;1070.4;
43966;Kaho;Kondo;JPN;430;5352;5;1070.4;
43956;Darta;Putne;LAT;432;5349;5;1069.8;
34101;Anita;Laanejoe;EST;433;5344;5;1068.8;
45289;Phoebe;Hunt;NZL;434;5343;5;1068.6;
3811;Aoife;McCavana;IRL;435;5340;5;1068.0;
41082;Alba;Martinez Ibanez;ESP;436;5339;5;1067.8;
18995;Noemi;Inderst;ITA;437;5336;5;1067.2;
1307;Anne;Edwards;GBR;438;5330;5;1066.0;
2365;Rosalind;Heron;IRL;439;5329;5;1065.8;
99;Vesta;Aleliuniene;LTU;440;5319;5;1063.8;
36500;Elin;Neuenschwander;SUI;441;5309;5;1061.8;
41197;Natalie;Miller;AUS;442;5304;5;1060.8;
19079;Fay;Stemp Walsh;GBR;443;5293;5;1058.6;
35160;Sarah;Pedley;GBR;444;5286;5;1057.2;
1142;Michele;Corrigan;AUS;445;5282;5;1056.4;
34172;Ugne;Skucaite;LTU;446;5271;5;1054.2;
2832;Natasha;Key;AUS;447;5265;5;1053.0;
50665;Gabija;Rimkute;LTU;448;5264;5;1052.8;
44225;Veronica;Rodriguez Brome;ESP;449;5246;5;1049.2;
6509;Natsuki;Yamagishi;JPN;450;5242;5;1048.4;
43170;Fiona;Eades;GBR;451;5238;5;1047.6;
3917;Mikiko;Minagawa;JPN;452;5233;5;1046.6;
5894;Melissa;Thomas;AUS;453;5229;5;1045.8;
44729;Yeva Mariia;Otreshko;UKR;454;5226;5;1045.2;
43251;Caterina;De Nardis;ITA;455;5224;5;1044.8;
41350;Moe;Matsumoto;JPN;456;5219;5;1043.8;
37791;Esma;Melle;TUR;457;5213;5;1042.6;
24010;Clare;Stansfield;GBR;458;5208;5;1041.6;
43932;Laura Nikola;Pinne;LAT;459;5195;5;1039.0;
49595;Jana;Jakob;SUI;460;5187;5;1037.4;
42291;Betul;Onal;TUR;461;5186;5;1037.2;
19078;Alice;Rigby;GBR;462;5152;5;1030.4;
41357;Zoe;Carter;AUS;463;5151;5;1030.2;
43254;Laura;Brown;GBR;464;5150;5;1030.0;
1022;Niamh;Corbett;IRL;465;5139;5;1027.8;
34196;Anastasija;Ristova;MKD;466;5132;5;1026.4;
42515;Imola;Rajmon;HUN;467;5117;5;1023.4;
31905;Chloe;Cracknell;GBR;468;5112;5;1022.4;
37234;Yu;Abe;JPN;469;5107;5;1021.4;
37279;Sydney;Fisher;USA;470;5096;5;1019.2;
46696;Yumeko;Sunada;JPN;471;5090;5;1018.0;
22410;Patricia;Romao;POR;472;5079;5;1015.8;
44141;Lucie;Korpasova;CZE;473;5072;5;1014.4;
37032;Yuki;Oguri;JPN;474;5064;5;1012.8;
40655;Lucia;Parga Basanta;ESP;475;5060;5;1012.0;
34407;Johanna;Brink;FIN;476;5058;5;1011.6;
28094;Suzu;Masuzawa;JPN;477;5043;5;1008.6;
34009;Debora;Dalfollo;ITA;478;5034;5;1006.8;
34969;Hana;Ochiai;JPN;479;5032;5;1006.4;
23134;Heidi;Stolberger;NZL;480;5029;5;1005.8;
34769;Buket;Aydin;TUR;480;5029;5;1005.8;
28190;Maija;Raasakka;FIN;482;5024;5;1004.8;
42205;Joana;Canana;POR;483;5017;5;1003.4;
5337;Anna;Sheldon;AUS;483;5017;5;1003.4;
1554;Mary;Fleming;AUS;485;5016;5;1003.2;
885;Pui Fung Leona;Chan;HKG;486;5006;5;1001.2;
25908;Ana;Marusceac;MDA;487;5003;5;1000.6;
40298;Rebecca;Ward;GBR;488;5002;5;1000.4;
42827;Yuko;Hotta;JPN;489;4978;5;995.6;
20384;Lindsay;Robertson;GBR;490;4974;5;994.8;
3280;Cho Yu;Lam;HKG;491;4971;5;994.2;
19247;Guadalupe;Moreno;ESP;492;4968;5;993.6;
21883;Gedvile;Dirziute;LTU;493;4954;5;990.8;
18989;Anna;Caglio;ITA;494;4951;5;990.2;
2511;Helena;Bergman;SWE;495;4948;4;1237.0;
47938;Chisako;Ono;JPN;496;4946;5;989.2;
44410;Machteld;van der Hoeven;NED;497;4942;5;988.4;
42208;Rebecca;Herna;SVK;498;4916;5;983.2;
37818;Nevena;Najdanovic;SRB;499;4907;5;981.4;
45923;Rita;Fernandes;POR;500;4901;5;980.2;
48191;Catarina;Reis;POR;501;4888;5;977.6;
34051;Alexandra;Roman;ROU;502;4880;5;976.0;
513;Pia;Blake;CAN;503;4872;5;974.4;
36408;Aysa Asya;Tuzcuogullari;TUR;503;4872;5;974.4;
44311;Bianca;Silva;BRA;505;4870;5;974.0;
44095;Viktorie;Skachova;CZE;506;4865;4;1216.3;
6394;Kjersti;Westin;NOR;507;4859;5;971.8;
47488;Yuiho;Kuwahara;JPN;508;4856;5;971.2;
50555;Elise Waerp;Hauge;NOR;509;4849;5;969.8;
44560;Alexandra;Serra Campos;POR;510;4847;5;969.4;
49507;Maria;Molino Castillo;ESP;511;4846;5;969.2;
39561;Robyn;Astridge;CAN;512;4844;5;968.8;
25751;Priscilla;Vieira Goncalves;BRA;513;4843;5;968.6;
25477;Maisa;Szczypior;BRA;514;4823;5;964.6;
28604;Ragne;Wiklund;NOR;515;4803;4;1200.8;
21468;Eliane;Deininger;SUI;516;4800;4;1200.0;
24092;Rebecca;George;AUS;517;4797;5;959.4;
46503;Yuki;Nakano;JPN;518;4786;5;957.2;
33878;Paula;Pavlin;CRO;519;4777;5;955.4;
19003;Laura;Vigni;ITA;520;4771;5;954.2;
21740;Ingrid;Gulbrandsen;NOR;521;4758;4;1189.5;
6220;Tuulia;Viberg;FIN;522;4756;4;1189.0;
47022;Tuva;Ostangard;SWE;523;4742;4;1185.5;
38062;Wing;Man;HKG;523;4742;5;948.4;
42311;Michaela;Novotna;CZE;525;4740;4;1185.0;
6463;Yi Shan;Wong;HKG;526;4732;5;946.4;
2431;Lizzie;Ingham;NZL;527;4730;4;1182.5;
28648;Isa;S Envall;SWE;528;4718;4;1179.5;
51315;Emilia;Melender;FIN;529;4707;5;941.4;
22245;Silja;Kauppinen;FIN;530;4700;4;1175.0;
41810;Emma;Ling;SWE;531;4690;4;1172.5;
33368;Ingrid;Kurz;SUI;531;4690;5;938.0;
461;Katherine;Bett;GBR;533;4688;5;937.6;
43617;Elsa;Kaipe;SWE;534;4687;4;1171.8;
34089;Michaela;Dittrichova;CZE;535;4684;4;1171.0;
42256;Emily;Rowe;IRL;536;4676;5;935.2;
47060;Hana;Vitkova;CZE;537;4669;4;1167.3;
51081;Ekaterina;Menshova;IIA;538;4668;5;933.6;
33697;Jenny;Baklid;NOR;539;4667;4;1166.8;
23028;Aino;Vayrynen;FIN;540;4660;4;1165.0;
47082;Synne;Sandven;NOR;541;4649;4;1162.3;
49375;Irena;Gorjanc;SRB;542;4644;5;928.8;
43778;Alicia;Lundgren;SWE;543;4643;4;1160.8;
19035;Lisa;Schubnell;SUI;544;4642;4;1160.5;
47057;Katerina;Stepova;CZE;544;4642;4;1160.5;
29797;Laura;Harrison;GBR;546;4641;5;928.2;
2789;Sanna;Kauppila;FIN;547;4640;4;1160.0;
29631;Myrra;Carlsson;SWE;547;4640;4;1160.0;
48090;Irina;Soares;POR;549;4639;5;927.8;
31928;Elsa;Ankelo;FIN;549;4639;4;1159.8;
45839;Coralie;Waldner;SUI;551;4638;4;1159.5;
52215;Darinka;Radenkovic;SRB;551;4638;5;927.6;
33062;Scarlet;Heap;GBR;553;4635;5;927.0;
28137;Mariia;Tymoshchuk;UKR;554;4634;4;1158.5;
47153;Heta;Virkajarvi;FIN;555;4633;4;1158.3;
882;Hau Wah Brenda;Chan;HKG;556;4628;5;925.6;
44379;Maya;Hampshire Wright;GBR;557;4617;5;923.4;
32404;Esther;Marnet;BRA;558;4612;5;922.4;
32884;Gennhsa;Sobreira;BRA;559;4610;5;922.0;
6540;Tsz Ying;Yu;HKG;560;4608;5;921.6;
52397;Beatriz;Coelho;POR;561;4607;5;921.4;
41302;Olivia;Hahn;FIN;562;4603;4;1150.8;
29270;Rie;Tanikawa;JPN;563;4602;5;920.4;
48887;Sara;Arrotea;POR;564;4600;5;920.0;
33724;Salla;Isoherranen;FIN;565;4595;4;1148.8;
49842;Miu;Nakadate;JPN;566;4593;5;918.6;
42146;Violette;Dupuy;FRA;567;4584;4;1146.0;
48128;Minna;Wingstedt;NOR;568;4580;4;1145.0;
3609;Sara;Luescher;SUI;569;4577;4;1144.3;
37819;Eva;Solaja;SRB;570;4575;5;915.0;
40308;Aasne;Haavengen;NOR;570;4575;4;1143.8;
46775;Tuulia;Jussinmaki;FIN;572;4567;5;913.4;
42412;Ladina;Gasser;SUI;573;4565;4;1141.3;
51744;Giada;Corso;ITA;574;4564;5;912.8;
45075;Alina;Darienco;MDA;575;4558;5;911.6;
3408;Ka Ki;Leung;HKG;576;4553;5;910.6;
45173;Margherita;Bugane;ITA;577;4552;5;910.4;
23399;Natalie;Hiklova;CZE;578;4549;4;1137.3;
735;Dominique;Bucher;SUI;579;4544;4;1136.0;
46719;Iruka;Maki;JPN;580;4542;5;908.4;
44605;Ilze;Jumike;LAT;581;4541;4;1135.3;
54940;Ida;Eskilsson;SWE;582;4531;4;1132.8;
44242;Mina;Joergensen;NOR;583;4526;4;1131.5;
41937;Emily;Adenstedt;AUT;583;4526;4;1131.5;
37644;Mariana;Ostetto;BRA;585;4524;5;904.8;
3961;Anna;Moilanen;FIN;586;4520;4;1130.0;
28317;Tina;Tiefenboeck;AUT;587;4516;4;1129.0;
154;Anu;Akerman;EST;588;4514;4;1128.5;
2654;Eva;Jurenikova;CZE;589;4513;4;1128.3;
25748;Idun Kristine Felde;Olaussen;NOR;590;4491;4;1122.8;
52968;Helmiemilia;Malin;FIN;591;4490;5;898.0;
24223;Jonna;Juva;FIN;592;4478;4;1119.5;
31988;Hilla;Pitkanen;FIN;592;4478;4;1119.5;
49611;Lucie;Krejcova;CZE;594;4469;4;1117.3;
24234;Sanni;Norrbacka;FIN;595;4451;4;1112.8;
51117;Zoe;Villar;FRA;596;4449;4;1112.3;
48394;Eszter Julia;Pinter;HUN;597;4442;5;888.4;
776;Lucy;Walker;GBR;598;4438;4;1109.5;
46356;Elin;Rindstig;SWE;599;4437;4;1109.3;
33920;Camilla;Delenne;FRA;600;4435;4;1108.8;
27298;Malgorzata;Pachnik;POL;601;4433;4;1108.3;
46110;Eylul;Senal;TUR;602;4431;5;886.2;
51122;Anastacia;Rocha Pereira;BRA;603;4414;5;882.8;
46622;Lucie;Gaudion;FRA;604;4409;4;1102.3;
2326;Barbora;Zhanalova;CZE;605;4406;4;1101.5;
49671;Tove;Sjoberg;SWE;606;4400;4;1100.0;
48897;Ingrid;Mobraathen;NOR;607;4397;4;1099.3;
19338;Amanda;Holmgren;SWE;608;4395;4;1098.8;
31630;Alyssia;Wymer;FRA;609;4394;4;1098.5;
41299;Roosa;Heikkinen;FIN;610;4385;4;1096.3;
47109;Isabella;Lillqvist;FIN;611;4384;4;1096.0;
3614;Ingvild;Maalen Johansen;NOR;612;4383;4;1095.8;
5007;Hanna;Paulava;IIA;613;4375;4;1093.8;
40698;Yaelle;Stampbach;SUI;614;4372;5;874.4;
28138;Svitlana;Kobets;UKR;615;4369;4;1092.3;
44588;Frida Karner;Grooss;DEN;616;4366;4;1091.5;
40217;Mariana;Wonhnrath Boldrin;BRA;617;4361;5;872.2;
41751;Kateryna;Kropyvnytska;UKR;618;4359;4;1089.8;
1120;Andrea;Danila Zinca;ROU;619;4352;5;870.4;
2070;Zoe;Harding;GBR;620;4351;4;1087.8;
45345;Man Hei Meri;Yau;HKG;621;4345;5;869.0;
27546;Isabel;Donner;FIN;622;4342;4;1085.5;
49537;Sophie;KentPurcell;CAN;623;4336;5;867.2;
33967;Iva;Kavankova;CZE;624;4334;4;1083.5;
23926;Essi;Rautasalo;FIN;625;4326;4;1081.5;
37453;Agnese;Jaunmuktane;LAT;625;4326;4;1081.5;
46702;Ruth;Gooch;GBR;627;4321;4;1080.3;
43200;Emma;Crawford;GBR;628;4318;4;1079.5;
19871;Luca;Nemeth;HUN;629;4317;4;1079.3;
86;Esmeralda;Ruiz Alonso;ESP;630;4309;4;1077.3;
28187;Heidi;Mikkola;FIN;631;4307;4;1076.8;
22720;Sanna;Ylikyla;FIN;632;4297;4;1074.3;
54972;Maija;Pajari;FIN;633;4292;4;1073.0;
3982;Tamsin;Moran;GBR;634;4289;4;1072.3;
2062;Shuangyan;Hao;CHN;635;4285;4;1071.3;
42832;Elise;Vanel;FRA;636;4280;4;1070.0;
3551;Wai Lan Iris;Lui;HKG;637;4276;5;855.2;
45960;Ana;Castanheiro;POR;638;4266;5;853.2;
41707;Emese;Szilagyi;HUN;639;4257;4;1064.3;
36842;Melania;Tinelli;ITA;639;4257;5;851.4;
42356;Irene;Guerrero;ESP;641;4207;4;1051.8;
34140;Agnieszka;Mazurek;POL;642;4194;4;1048.5;
45956;Heather;High;GBR;643;4192;4;1048.0;
37826;Aimee;Darley;GBR;644;4188;5;837.6;
44503;Nea;Erzen;SLO;645;4179;4;1044.8;
1654;Charmaine;Fung;HKG;646;4172;5;834.4;
38059;Pui Yuet;Siu;HKG;647;4157;5;831.4;
47119;Giulia;Fignon;ITA;648;4149;4;1037.3;
25013;Maria;Soriano Ramal;ESP;649;4148;4;1037.0;
44701;Airi;Shibasaki;JPN;650;4134;4;1033.5;
25937;Annamaria;Raduly;ROU;651;4131;5;826.2;
50067;Essi;Jokilammi;FIN;652;4129;4;1032.3;
815;Alison;Campbell;USA;653;4126;4;1031.5;
43049;Olha;Leonchuk;UKR;654;4124;4;1031.0;
53271;Embla;Bergstrom;SWE;655;4123;4;1030.8;
23164;Tonje Aasheim;Nymark;NOR;656;4117;4;1029.3;
38023;Yoyo;You;HKG;657;4109;5;821.8;
24106;Aurora;Fossoy;NOR;658;4100;4;1025.0;
43190;Issy;Sunley;GBR;659;4099;4;1024.8;
44488;Sophie;Kraus;GER;660;4091;4;1022.8;
44230;Eve;Buckley;IRL;661;4085;4;1021.3;
44725;Iryna;Klymeniuk;UKR;662;4081;4;1020.3;
49591;Samira;Habermacher;SUI;663;4080;4;1020.0;
51447;Anna Ibolya;Pozna;HUN;664;4078;4;1019.5;
49594;Viviane;Seiz;SUI;665;4073;4;1018.3;
50852;Elisabeth;Bieri;SUI;666;4069;4;1017.3;
43248;Vilte;Kanapinskaite;LTU;667;4061;5;812.2;
19026;Vilija;Gvildiene;LTU;668;4059;4;1014.8;
1028;Marija;Cosic;SRB;669;4055;4;1013.8;
20364;Elaine;Lenz;BRA;670;4052;5;810.4;
42365;Alba;Munoz del Campo;ESP;671;4050;4;1012.5;
36987;Roosa;Ruoti;FIN;671;4050;4;1012.5;
47831;Joke;Zoons;BEL;673;4049;5;809.8;
4452;Carmen;Patino Deniz;ESP;674;4044;4;1011.0;
28276;Alice;Selem;ITA;675;4041;4;1010.3;
37437;Olha;Sereda;UKR;676;4025;4;1006.3;
44418;Lyra;Medlock;GBR;677;4009;4;1002.3;
42267;Ivana;Pedeva;BUL;678;3995;4;998.8;
50750;Mia;Smith;CAN;679;3971;4;992.8;
2538;Sarka;Jelinkova;CZE;680;3970;4;992.5;
42266;Raya;Asenova;BUL;681;3969;4;992.3;
41073;Cristina;Otero Dominguez;ESP;682;3958;4;989.5;
20241;Wakana;Miyamoto;JPN;683;3947;4;986.8;
41983;Sarah;Rooman;BEL;684;3944;4;986.0;
43842;Hanna;Johannesson;SWE;685;3941;4;985.3;
44724;Buse;Acil;TUR;686;3939;5;787.8;
37924;Lorely;Korvel;EST;687;3930;4;982.5;
44506;Neza;Obid;SLO;688;3925;4;981.3;
27864;Sophie;Pruzina;GBR;689;3923;5;784.6;
47797;Yuka;Kadomoto;JPN;690;3922;4;980.5;
43702;Liana;Stubbs;AUS;690;3922;4;980.5;
32226;Joanna;George;AUS;692;3904;4;976.0;
46172;Kaline;Resende;BRA;693;3893;5;778.6;
20427;Andrea;Dekany;HUN;694;3873;4;968.3;
6523;Sze Wing;Yee;HKG;695;3865;5;773.0;
48069;Georgia;Lindroos;NZL;696;3863;4;965.8;
50588;Yulia;Georgieva;BUL;697;3845;4;961.3;
40206;Paige;Suhocki;USA;698;3836;5;767.2;
35117;Yiu;Yiu;HKG;699;3813;5;762.6;
41224;Anna;CoryWright;NZL;700;3806;5;761.2;
21090;Camila Luisa;Daronco;BRA;701;3791;5;758.2;
300;Yoko;Bamba;JPN;702;3784;4;946.0;
4271;Shihoko;Ochiai;JPN;703;3778;4;944.5;
47952;Chihiro;Kawase;JPN;704;3768;4;942.0;
43244;Adrija;Atgalaine;LTU;705;3749;4;937.3;
20929;Idunn;Haavengen;NOR;706;3747;4;936.8;
51202;Joshui;Lin;TPE;707;3746;5;749.2;
52723;Luiza;Wachtmann Rizzatti;BRA;708;3733;5;746.6;
47656;Ana;Koeche;BRA;709;3727;5;745.4;
47024;Freja;Hjerne;SWE;710;3721;3;1240.3;
24003;Eadaoin;McCavana;IRL;711;3713;4;928.3;
22886;Emma;Bjessmo;SWE;712;3685;3;1228.3;
47281;Akiho;Hayashi;JPN;713;3681;4;920.3;
41012;Isabella;Resende de Carvalho;BRA;714;3676;5;735.2;
53224;Sara;Szalontai;HUN;715;3673;4;918.3;
4057;Elin;Svantesson;SWE;716;3667;3;1222.3;
41931;Emma;Eriksson;SWE;717;3636;3;1212.0;
41327;Elli;Punto;FIN;718;3624;3;1208.0;
37832;Andreea;Manu;ROU;719;3606;4;901.5;
42426;Zdenka Petra;Stambuk;CRO;720;3603;4;900.8;
33949;Ella;Sjoberg;SWE;721;3590;3;1196.7;
41008;Natalija;Tatic;SRB;722;3585;4;896.3;
731;Synnoeve;Palmqvist;NOR;723;3581;3;1193.7;
43757;Miki;Haoka;JPN;724;3577;4;894.3;
44448;Eleonora;Alinder;SWE;725;3576;3;1192.0;
32410;Juliane;Heinrichs Peres;BRA;726;3571;4;892.8;
39614;Klara;Borg;SWE;727;3568;3;1189.3;
5125;Frida;Sandberg;SWE;728;3561;3;1187.0;
47847;Jerika;Kong;HKG;728;3561;5;712.2;
6720;Johanna;Oberg;SWE;730;3555;3;1185.0;
36956;Ida;Hylander;SWE;731;3541;3;1180.3;
24020;Laura;King;GBR;732;3538;3;1179.3;
48757;Beata;Cichy;POL;733;3532;5;706.4;
49675;Agnes;Djurstedt;SWE;734;3530;3;1176.7;
4800;Laura;Ramstein;AUT;735;3529;3;1176.3;
34090;Marketa;Mulickova;CZE;736;3527;3;1175.7;
33701;Ragnhild;Eide;NOR;737;3525;3;1175.0;
2941;Nicoline Friberg;Klysner;DEN;738;3518;3;1172.7;
21522;Elizabeth;Bedwell;GBR;739;3506;4;876.5;
24823;Roosa;Hamalainen;FIN;740;3504;3;1168.0;
2678;Ursula;Fesselhofer;AUT;741;3499;3;1166.3;
2570;Marttiina;Joensuu;FIN;742;3493;3;1164.3;
37652;Vera;Moser;SUI;743;3491;3;1163.7;
33861;Aurora;Gjolsjo;NOR;744;3482;3;1160.7;
2356;Johanna;Hulkkonen;FIN;744;3482;3;1160.7;
33871;Gina;Granstedt;NOR;746;3481;3;1160.3;
40324;Tale;Strand;NOR;747;3478;3;1159.3;
19628;Milla;Mattila;FIN;748;3477;3;1159.0;
41979;Tille;De Smul;BEL;749;3461;3;1153.7;
19077;Cecilie;Andersen;GBR;750;3460;3;1153.3;
20222;Marta;Guijo Alonso;ESP;750;3460;3;1153.3;
46971;Rahel;Good;SUI;752;3454;3;1151.3;
20205;Sina;Tommer;SUI;753;3452;3;1150.7;
53251;Vilma;Engstrom;SWE;754;3434;3;1144.7;
1909;Yvonne;Gunell;FIN;755;3433;3;1144.3;
3090;Zdenka;Kozakova;CZE;755;3433;3;1144.3;
20921;Emilie;Westli Andersen;NOR;757;3410;3;1136.7;
279;Anette;Juveli;NOR;758;3407;3;1135.7;
46253;Daniel;Buchholz;USA;759;3399;4;849.8;
25101;Milla;Hirvonen;FIN;760;3396;3;1132.0;
25804;Nina;Falck Najbjerg;DEN;760;3396;3;1132.0;
49788;Nana;Ogawa;JPN;762;3394;4;848.5;
45838;Lotta Marit;Luethi;SUI;762;3394;3;1131.3;
33902;Romane;Lesquer;FRA;764;3393;3;1131.0;
6557;Viola;Zagonel;ITA;765;3392;3;1130.7;
51490;Erika;Kawauchi;JPN;766;3388;4;847.0;
49900;Tomomi;Onozuka;JPN;767;3383;4;845.8;
45856;Amanda;Yli Futka;FIN;768;3377;3;1125.7;
54507;Emie;Vannier;FRA;769;3374;3;1124.7;
42807;Lucile;Roger;FRA;770;3370;3;1123.3;
6308;Mari;Vaananen;FIN;771;3359;3;1119.7;
53254;Emmy;Palm;SWE;772;3358;3;1119.3;
42241;Antonina;Slonska;POL;773;3354;3;1118.0;
41866;Sofia;Ivers;SWE;774;3353;3;1117.7;
48447;Anna;Drinkwater;GBR;774;3353;4;838.3;
44253;Eszter;Golda;HUN;776;3351;3;1117.0;
37685;Julia;Neda;HUN;777;3350;3;1116.7;
44286;Sandra;Bostrom;SWE;778;3337;3;1112.3;
45386;Gemma;Burley;AUS;779;3335;4;833.8;
41702;Celine;Wellenreiter;SUI;780;3328;3;1109.3;
42320;Ema;Cerna;CZE;781;3325;3;1108.3;
33245;Fumika;Sera;JPN;782;3319;4;829.8;
24232;Evangelina;Dyaksova;BUL;783;3316;3;1105.3;
47397;Justine;Pellissier;FRA;784;3313;3;1104.3;
5400;Emma;Silvennoinen;FIN;784;3313;3;1104.3;
36581;Nina;Karna;FIN;786;3312;3;1104.0;
25007;Kateryna;Dzema;UKR;787;3311;3;1103.7;
49797;Emma;Bednarikova;CZE;787;3311;3;1103.7;
37597;Flora;Aigmueller;AUT;789;3307;3;1102.3;
52699;Abbie;Walker;GBR;789;3307;4;826.8;
50857;Melina;Riediker;SUI;791;3303;3;1101.0;
4955;Edineia;Roniak dos Santos;BRA;792;3297;4;824.3;
49994;Helmi;Karkiainen;FIN;792;3297;3;1099.0;
3577;Vieda;Lusa;LAT;794;3293;3;1097.7;
192;Anna;Serrallonga Arques;ESP;795;3291;3;1097.0;
42041;Anne;Kaestner;GER;796;3284;3;1094.7;
33988;Eline;Gemperle;SUI;797;3282;3;1094.0;
4857;Anna;Reinhardt;GER;798;3281;3;1093.7;
43321;Emma;Katajamaki;FIN;799;3280;3;1093.3;
37329;Emmi;Kiljunen;FIN;800;3274;3;1091.3;
33569;Bibiana;Sartori Chagas;BRA;801;3264;4;816.0;
25074;Fuka;Moriya;JPN;802;3263;5;652.6;
37467;Laura;Berke;LAT;803;3262;3;1087.3;
50008;Anna;Korpi;FIN;804;3255;3;1085.0;
54525;Marion;Valette;FRA;805;3248;3;1082.7;
25358;Kaarina;Nurminen;FIN;806;3246;3;1082.0;
46662;Dorja;Salopek;CRO;807;3245;3;1081.7;
41759;Noemi;Zacher;HUN;808;3240;3;1080.0;
40180;Mariia;Hoienko;UKR;809;3237;3;1079.0;
19703;Zuzanna;Wanczyk;POL;810;3209;3;1069.7;
1840;Kamila;Gregorova;CZE;811;3197;3;1065.7;
23980;Roanne;Lilley;GBR;812;3195;3;1065.0;
33555;Eliza;Ozola;LAT;813;3193;3;1064.3;
47112;Iida;Koskinen;FIN;814;3191;3;1063.7;
42230;Laura;Odor;HUN;815;3184;3;1061.3;
50789;Julie;Fomasi;SUI;816;3183;3;1061.0;
37849;Caterina;Dallera;ITA;816;3183;3;1061.0;
36940;Roosa;Pelkonen;FIN;818;3181;3;1060.3;
55581;Vika;Zhuravleva;IIA;818;3181;3;1060.3;
4103;Assem;Nazyrova;KAZ;820;3178;3;1059.3;
23880;Po Wa;Tang;HKG;821;3176;5;635.2;
40400;Elize;Bremze;LAT;822;3175;3;1058.3;
28508;Adela Maria;Galateanu;ROU;823;3170;4;792.5;
44084;Magdalena;Skachova;CZE;824;3164;3;1054.7;
47830;Lise;Milbou;BEL;825;3157;4;789.3;
25406;Evelyn Karin Sereneski;Merenda;BRA;826;3149;4;787.3;
51257;Meeri;Kurttila;FIN;827;3133;3;1044.3;
43314;Ane Malene;Kolstad;NOR;828;3132;3;1044.0;
6311;Emma;Waddington;CAN;829;3129;3;1043.0;
33251;Lizzie;Stansfield;GBR;829;3129;3;1043.0;
54534;Marion;Guinot;FRA;831;3125;3;1041.7;
41229;Zariah;Zosel;USA;832;3123;4;780.8;
40705;Anna;Pesta;POL;833;3122;3;1040.7;
34013;Karin;Sanna;CZE;834;3116;3;1038.7;
50855;Hanna;Gathercole;SUI;835;3105;3;1035.0;
45307;Marketa;Kodejsova;CZE;836;3104;3;1034.7;
20212;Gabriela;Nykodymova;CZE;837;3102;3;1034.0;
54922;Alina;Papinaho;FIN;838;3099;3;1033.0;
44537;Leonie;Benz;SUI;839;3097;3;1032.3;
42275;Sigrid Oehlenschlaeger;Nielsen;DEN;840;3094;3;1031.3;
37018;Bridget;Hall;USA;841;3087;3;1029.0;
42371;Alexia;Tudorache;ROU;842;3079;3;1026.3;
53778;Linn Mei;Bjornstad Waaler;NOR;842;3079;3;1026.3;
37767;Magdalena;Topor;POL;844;3078;3;1026.0;
18717;Ines;Miguel;POR;844;3078;4;769.5;
54537;Gwendoline;Lecland;FRA;846;3068;3;1022.7;
22383;Katie;CoryWright;NZL;847;3067;3;1022.3;
37024;Kirsten;Mayland;USA;848;3057;4;764.3;
45541;Greta;Leonard;USA;849;3055;4;763.8;
54529;Edme;Paillard;FRA;850;3050;3;1016.7;
33383;Bianka;Tamas;HUN;851;3049;3;1016.3;
5094;Tena;Sakar Vukic;CRO;852;3045;3;1015.0;
4949;Sarah;Rollins;GBR;853;3033;3;1011.0;
4411;Nicoleta;Papara;ROU;854;3032;4;758.0;
53541;Dunja;Cancarevic;SRB;855;3031;3;1010.3;
49581;Manon;Faeh;SUI;856;3028;3;1009.3;
21756;Louise;Adams;GBR;857;3019;3;1006.3;
22035;Helen;Pruzina;GBR;858;3010;4;752.5;
47074;Kiara Sophie;Piskorz;AUT;859;3007;3;1002.3;
48123;Astrid;White;USA;860;3003;3;1001.0;
37317;Anni;Laine;FIN;861;3000;3;1000.0;
51248;Astrid;Hougaard;DEN;862;2994;3;998.0;
52983;Johanna Lovise;Hunstad;NOR;863;2989;3;996.3;
52646;Szilvia;Dekany;HUN;864;2977;3;992.3;
37733;Yana;Ilieva;BUL;864;2977;3;992.3;
40516;Sophie;Taverna;AUS;866;2971;3;990.3;
46891;Antonina;Mianowska;POL;867;2970;3;990.0;
33833;Kristine;Berke;LAT;868;2966;3;988.7;
23924;Kuan Yu;Lin;TPE;869;2963;5;592.6;
48246;Jiabao;Zhang;CHN;870;2962;5;592.4;
50865;Mia;Hofer;SUI;871;2958;3;986.0;
44508;Mariann;Zernant;EST;872;2957;3;985.7;
46676;Aleksandra;Dobosz;POL;873;2956;3;985.3;
37321;Nea;Paakkonen;FIN;874;2950;3;983.3;
52608;Hazel;Mudd;GBR;875;2948;5;589.6;
41761;Sofia;Pellonpera;FIN;876;2947;3;982.3;
42162;Alessia;Rigoni;ITA;877;2940;3;980.0;
34248;Anna;Campbell;USA;878;2925;5;585.0;
38063;Hoi Yan;Lo;HKG;879;2912;5;582.4;
33681;Beyzanur;Kaplan;TUR;880;2909;3;969.7;
49796;Klara;Barnatova;CZE;881;2908;3;969.3;
20053;Alessandra;Arrigoni;ITA;882;2903;3;967.7;
48401;Morag;McLellan;NZL;883;2899;3;966.3;
34091;Klara;Nechanicka;CZE;884;2893;3;964.3;
593;Tori;Borish;USA;885;2890;3;963.3;
51110;Alisa;Ignatina;CAN;886;2883;4;720.8;
48070;Juliet;Freeman;NZL;887;2880;3;960.0;
42410;Yaren;Yilmaz;TUR;888;2873;3;957.7;
45053;Chiara;Magni;ITA;889;2858;3;952.7;
42157;Elis;Angeli;ITA;890;2857;3;952.3;
47454;Heli;Kuru;FIN;891;2854;3;951.3;
32961;Flavia;Mendes;BRA;892;2817;4;704.3;
5657;Anne;Straube;GER;893;2810;3;936.7;
51699;Monique;Jeacocke;AUS;894;2805;4;701.3;
42848;Juna;Kamijima;JPN;895;2800;3;933.3;
53845;Marie;Kvarme;NOR;896;2797;3;932.3;
40927;Moeka;Yamane;JPN;897;2795;3;931.7;
42824;Mariko;Nagase;JPN;898;2794;3;931.3;
47497;Kate;Braid;AUS;899;2787;3;929.0;
33942;Jessica Paola;Barrera Ruiz;COL;900;2783;4;695.8;
4326;Sunniva;Omdal;NOR;901;2769;3;923.0;
42652;Sara;Lopez;ESP;902;2768;3;922.7;
36248;Kiia;Kuusikko;FIN;903;2766;3;922.0;
41749;Giulia;Dissette;ITA;904;2764;3;921.3;
52384;Teresa;Bellon Santos;ESP;905;2758;3;919.3;
49385;Aino;Poijarvi;FIN;906;2757;3;919.0;
51483;Tomoka;Watanabe;JPN;907;2717;3;905.7;
3348;Miranda;Leaf;GBR;908;2715;3;905.0;
22041;Saskia;Warren;GBR;909;2704;3;901.3;
51738;Zeynep;Bozdag;TUR;910;2703;4;675.8;
46281;Anni;Rajala;FIN;911;2690;3;896.7;
47432;Fabienne;Steinauer;SUI;912;2678;3;892.7;
52615;Alice;Jacobsen;DEN;913;2659;4;664.8;
34279;Oriana;Riley;USA;914;2649;4;662.3;
27669;Marta;Scapin;ITA;915;2638;3;879.3;
23925;Yiching;Huang;TPE;916;2634;3;878.0;
51327;Aino;Koskivirta;FIN;917;2628;3;876.0;
29697;Ming Pui;Kan;HKG;918;2627;4;656.8;
37033;Alexis;Merka;USA;919;2616;3;872.0;
37399;Larissa;Monteiro Matos;BRA;920;2612;4;653.0;
41186;Serena;Doyle;AUS;921;2607;3;869.0;
37166;Alice;Talignani;ITA;922;2551;3;850.3;
44389;Nora;Kocsik;HUN;923;2548;3;849.3;
5343;Emma;Sherwood;CAN;924;2540;3;846.7;
22219;Veselina;Zhelyazkova;BUL;925;2530;3;843.3;
53050;Tatjana;Razumnaja;IIA;926;2509;3;836.3;
42407;Grethe Johanna;Ploompuu;EST;927;2486;3;828.7;
51717;Mina;Iwaki;JPN;928;2477;3;825.7;
43960;Raisa;Kantanen;FIN;929;2472;3;824.0;
45324;Wong;Yee Yan;HKG;930;2469;5;493.8;
46984;Paula;Vasquez;COL;931;2444;4;611.0;
2549;Sarina;Kyburz;SUI;932;2440;2;1220.0;
4312;Alva;Olsson;SWE;933;2432;2;1216.0;
46703;Yui;Fujisawa;JPN;934;2429;3;809.7;
34356;Jessica;Colleran;USA;935;2424;3;808.0;
2488;Adela;Bogarova;CZE;936;2410;2;1205.0;
45912;Rachel;Potter;GBR;936;2410;3;803.3;
27031;Anna;Karlova;CZE;938;2402;2;1201.0;
43650;Nesa;Schiller;SUI;939;2398;2;1199.0;
37667;Tilde;Backlund;SWE;939;2398;2;1199.0;
28598;Eliska;Sieglova;CZE;941;2392;2;1196.0;
22097;Tereza;Cechova;CZE;942;2388;2;1194.0;
6715;Judita;Volungeviciene;LTU;943;2374;3;791.3;
3468;Ida;Lindkvist;NOR;944;2372;2;1186.0;
48762;Alva;Svensk;SWE;945;2371;2;1185.5;
43042;Sofia;Toes;NZL;946;2365;3;788.3;
54604;Julia;Forsgren;SWE;947;2354;2;1177.0;
45269;Kyla;Moore;NZL;948;2352;3;784.0;
23846;Synne;Strand;NOR;949;2351;2;1175.5;
5831;Yuki;Takano;JPN;950;2350;3;783.3;
36612;Siri;Nyfeler;SUI;951;2341;2;1170.5;
21916;Minhuei;Huang;TPE;952;2336;3;778.7;
41754;Emma;Stenbacka;FIN;952;2336;2;1168.0;
42037;Stanja;Lindig;GER;954;2334;2;1167.0;
20918;Sarah;Persson;SWE;955;2329;2;1164.5;
53791;Signe;Hordegardh;SWE;956;2326;2;1163.0;
3466;Vivian;Lindholm;FIN;957;2317;2;1158.5;
37135;Amanda;Strandvall;FIN;958;2316;2;1158.0;
45859;Marie;Scheele;NOR;959;2314;2;1157.0;
50859;Mia;Steiner;SUI;960;2310;2;1155.0;
38346;Salla;Pitkanen;FIN;961;2309;2;1154.5;
34776;Juliette;Pecqueur;FRA;962;2308;3;769.3;
5878;Karolina;Kettner;CZE;962;2308;2;1154.0;
33993;Mirjam;Wuersten;SUI;964;2307;2;1153.5;
46903;Smilla;Mogensen;DEN;965;2305;2;1152.5;
19301;Jannie;Hagard;SWE;966;2303;2;1151.5;
2566;Martina;Jircakova;CZE;967;2301;2;1150.5;
46354;Emma;Bengtsson;SWE;968;2296;2;1148.0;
45984;Lydia;Martenson;FIN;969;2293;2;1146.5;
24647;Anna;Wehlin;SWE;970;2292;2;1146.0;
1134;Julia;Davidsson;SWE;970;2292;2;1146.0;
47275;Anni;MakiHokkonen;FIN;970;2292;2;1146.0;
41114;Idunn;Strand;NOR;973;2288;2;1144.0;
37872;Misa;Yamamoto;JPN;974;2287;3;762.3;
19437;Iben;Valery;DEN;975;2281;2;1140.5;
36836;Stina;Nordin;SWE;976;2278;2;1139.0;
3650;Maria;Magnusson;SWE;977;2276;2;1138.0;
46554;Nicolina;Morberg;SWE;978;2274;2;1137.0;
54526;Cecile;Coupat;FRA;979;2273;2;1136.5;
50402;Cajsa;Alenius;SWE;980;2270;2;1135.0;
55636;Lina Storler;Snoefugl;NOR;981;2269;2;1134.5;
2127;Anni;Heikkonen;FIN;982;2267;2;1133.5;
257;Emilie;Backscheider;FRA;983;2264;2;1132.0;
24284;Elisa;Viholainen;FIN;984;2263;2;1131.5;
45186;Mariana;Sao Bento;POR;985;2255;3;751.7;
34419;Essi;Vaisanen;FIN;986;2253;2;1126.5;
21660;Marina;Meirkovich;ISR;987;2252;3;750.7;
53305;Sara;Abom;SWE;988;2251;2;1125.5;
37298;Hanna;Lindgren;FIN;989;2250;2;1125.0;
22481;Leonore;Winkler;GER;990;2249;2;1124.5;
37610;Hanne;Vassend;NOR;991;2246;2;1123.0;
6085;Marta;Ulvensoen;NOR;992;2244;2;1122.0;
42397;Alice;Maddalena;SUI;993;2240;2;1120.0;
44571;Venla;Lehtonen;FIN;994;2238;2;1119.0;
28470;Sunniva;Morgan;NOR;994;2238;2;1119.0;
49424;Sara;Delic;CRO;996;2236;2;1118.0;
5216;Karin;Schmalfeld;GER;997;2235;2;1117.5;
49681;Evelina;Svensson Finndahl;SWE;998;2231;2;1115.5;
280;Synne;Baklid;NOR;999;2230;2;1115.0;
2778;Katja;Birrer;SUI;999;2230;2;1115.0;
21596;Joana;Marques;POR;1001;2229;3;743.0;
53816;Felicia;Persson;SWE;1001;2229;2;1114.5;
3156;Zuzanna;Parfianowicz;POL;1003;2226;2;1113.0;
50601;Ine Bohnhorst;Tegdan;NOR;1004;2225;2;1112.5;
23835;Suyi;Wei;CHN;1005;2224;3;741.3;
46584;Mathilde;Dousset;FRA;1006;2218;2;1109.0;
40472;Iranzu;Urquizu Diego;ESP;1006;2218;2;1109.0;
4650;Mariya;Polishchuk;UKR;1008;2216;2;1108.0;
48317;Zara;Toes;NZL;1009;2215;2;1107.5;
50856;Sarina;Okle;SUI;1010;2213;2;1106.5;
49571;Alice;Olvegaard;SWE;1010;2213;2;1106.5;
54517;Mathilde;Body;FRA;1012;2212;2;1106.0;
4779;Galina;Ribediuc;MDA;1013;2210;2;1105.0;
463;Camilla;Bevensee;DEN;1014;2207;2;1103.5;
34629;Isara;Soto Ramirez;CHI;1014;2207;3;735.7;
51379;Eliska;Poborska;CZE;1016;2206;2;1103.0;
56421;Mari Floetre;Aarseth;NOR;1017;2204;2;1102.0;
1967;Therese;Haare;NOR;1017;2204;2;1102.0;
27140;Katja;Bruetsch;SUI;1019;2202;2;1101.0;
56424;Elise Nygaard;Thorseng;NOR;1020;2201;2;1100.5;
43731;Emma;Beskow;SWE;1021;2198;2;1099.0;
50401;Elsa;Hedin;SWE;1022;2197;2;1098.5;
6027;Christiane;Troesse;GER;1022;2197;2;1098.5;
33114;Tereza;Karvankova;CZE;1024;2195;2;1097.5;
21491;Emily;Raudkepp;EST;1025;2194;2;1097.0;
41138;Ella;Turesson;SWE;1025;2194;2;1097.0;
38463;Maja;Kula;POL;1027;2193;2;1096.5;
54926;Selma;Makarainen;FIN;1028;2192;2;1096.0;
44200;Natalia;Kurtycz;POL;1028;2192;2;1096.0;
3096;Mathilde;Kracht;DEN;1028;2192;2;1096.0;
3854;Juliane;Mendonca;BRA;1031;2190;3;730.0;
19884;Virag;Weiler;HUN;1031;2190;2;1095.0;
6354;Charlotte;Watson;GBR;1033;2182;2;1091.0;
42274;Laura;Kaldahl Hornbaek;DEN;1034;2181;2;1090.5;
53614;Marie;Sestakova;CZE;1035;2178;2;1089.0;
51933;Yui;Takagi;JPN;1035;2178;3;726.0;
1088;Ilona;Dage;LAT;1037;2177;2;1088.5;
52391;Essi;Vaisanen;FIN;1038;2175;2;1087.5;
1629;Rahel;Friederich;SUI;1039;2174;2;1087.0;
28391;Csenge;Gerber;HUN;1040;2173;2;1086.5;
42354;Guinedell;Faja Sanjaume;ESP;1041;2171;2;1085.5;
53669;Yevheniia;Oksiuchenko;UKR;1042;2170;2;1085.0;
54535;Agnes;Francois;ESP;1042;2170;2;1085.0;
27138;Aino;Asklof;FIN;1042;2170;2;1085.0;
24753;Hildegunn;Heggoey;NOR;1042;2170;2;1085.0;
46555;Jenny;Lindberg;SWE;1046;2169;2;1084.5;
5027;Veronique;Ruppenthal;SUI;1047;2165;2;1082.5;
50643;Viktorie;Vyziblova;CZE;1048;2163;2;1081.5;
43977;Tamas;Bianka;HUN;1049;2162;2;1081.0;
44171;Yaelle;Malard;FRA;1050;2160;2;1080.0;
2943;Greta;Knarston;NZL;1050;2160;2;1080.0;
24272;Liinu;Nummela;FIN;1052;2159;2;1079.5;
46558;Clementine;Bellet;FRA;1053;2158;2;1079.0;
33511;Polina;Cabis;UKR;1054;2157;2;1078.5;
46741;Amaia;Roche;FRA;1054;2157;2;1078.5;
51350;Marketa;Bidova;CZE;1056;2156;2;1078.0;
25660;Olena;Babych;UKR;1057;2153;2;1076.5;
50583;Maria Rorvik;Haver;NOR;1058;2152;2;1076.0;
46732;Thea;Wennberg;SWE;1059;2151;2;1075.5;
40826;Helmi;Koli;FIN;1060;2150;2;1075.0;
33727;Lucia;Misas Bernardino;ESP;1061;2148;2;1074.0;
54539;Anne Lise;Dubois;FRA;1062;2147;2;1073.5;
47818;Pin Shan;Tsai;TPE;1063;2145;4;536.3;
5575;Olivia;Sprod;AUS;1063;2145;2;1072.5;
54538;Charlotte;Soltysiak;FRA;1065;2144;2;1072.0;
43875;Maja;Porle;SWE;1065;2144;2;1072.0;
42559;Michele;Rueegg;SUI;1067;2143;2;1071.5;
34143;Julia;Krempinska;POL;1068;2142;2;1071.0;
49718;Grieta;Grantskalna;LAT;1069;2141;2;1070.5;
40649;Emilia;Schmidt;USA;1070;2137;2;1068.5;
47016;Gjendine;Gjelstad Rebard;NOR;1071;2136;2;1068.0;
21358;Flurina;Bieri;SUI;1072;2135;2;1067.5;
19277;Asha;Steer;AUS;1073;2134;2;1067.0;
36624;Maya Jones;Arnesen;NOR;1073;2134;2;1067.0;
28046;Roxane;Florent;FRA;1075;2133;2;1066.5;
33913;Pauline;Elias;FRA;1076;2132;2;1066.0;
44509;Liise;Lillelaid;EST;1077;2129;2;1064.5;
4991;Vanessa;Round;AUS;1078;2128;2;1064.0;
52246;Tove;Wallerius;SWE;1079;2127;2;1063.5;
2617;Shannon;Jones;AUS;1080;2123;2;1061.5;
34094;Adela;Vandasova;CZE;1080;2123;2;1061.5;
50134;Emma;Westerlund;SWE;1080;2123;2;1061.5;
45862;Anete;Salava;LAT;1083;2122;2;1061.0;
24422;Sanna;Skoog;SWE;1084;2121;2;1060.5;
1486;Marta;Fenclova;CZE;1084;2121;2;1060.5;
41985;Maya;Renard;BEL;1086;2118;2;1059.0;
4106;Maya;Nedyalkova;BUL;1086;2118;2;1059.0;
21759;Tara;Melhuish;AUS;1088;2117;2;1058.5;
55520;Greta;Prince;NZL;1088;2117;2;1058.5;
1581;Marta;Fonseca;POR;1090;2110;3;703.3;
53757;Ragnhild Gloeersen;Haga;NOR;1091;2109;2;1054.5;
42237;Jowita;Pudelek;POL;1092;2108;2;1054.0;
1539;Kristine;Fjeldbo;NOR;1093;2107;2;1053.5;
50854;Lucia;Baumgartner;SUI;1094;2105;2;1052.5;
5423;Siri;Simonsen;DEN;1095;2104;2;1052.0;
56246;Malin Nordgaard;Leiren;NOR;1096;2097;2;1048.5;
49622;Leony;Roehrl;SUI;1097;2094;2;1047.0;
34105;Nikola;Thynova;CZE;1098;2091;2;1045.5;
49443;Melanie;Dalibard;FRA;1099;2090;2;1045.0;
46171;Leonie;Sterchi;SUI;1100;2089;2;1044.5;
44362;Lisa;Rivetta;ITA;1101;2086;2;1043.0;
34014;Annarita;Scalzotto;ITA;1101;2086;2;1043.0;
51259;Katariina;Nurmo;FIN;1103;2085;2;1042.5;
45154;Tilda;Andersson;SWE;1104;2082;2;1041.0;
4137;Corinna;Kretzschmar;GER;1105;2081;2;1040.5;
53280;Ellen;Hannrup;SWE;1106;2080;2;1040.0;
51310;Pia;Isolahteenmaki;FIN;1106;2080;2;1040.0;
24076;Emer;Perkins;IRL;1108;2079;2;1039.5;
50642;Barbora;Stryckova;CZE;1109;2078;2;1039.0;
43955;Zane;Novada;LAT;1110;2075;2;1037.5;
20392;Alice;Wilson;GBR;1111;2072;2;1036.0;
47970;Ellen Margrete Stubban;Hygen;NOR;1111;2072;2;1036.0;
24799;Patricia;Siegert;GER;1113;2071;2;1035.5;
4960;Kati;Rooni;EST;1114;2069;2;1034.5;
42396;Katarzyna;Durzynska;POL;1115;2068;2;1034.0;
40700;Une;Holtermann;NOR;1115;2068;2;1034.0;
3622;Jana;Macinska;SVK;1117;2067;2;1033.5;
44071;Sanni;Makinen;FIN;1117;2067;2;1033.5;
42270;Reneta;Nenkova;BUL;1117;2067;2;1033.5;
772;Claire;Butler;AUS;1120;2062;2;1031.0;
32901;Gabriela;Simunkova;CZE;1121;2060;2;1030.0;
36031;Kirsty;Campbell;GBR;1121;2060;2;1030.0;
53719;Xiaoyu;XIang;CHN;1123;2056;2;1028.0;
51771;Ana;Brandus;ROU;1124;2055;2;1027.5;
42350;Monica;de Miguel Armisen;ESP;1125;2049;2;1024.5;
26798;Thea Sildnes;Baklid;NOR;1126;2048;2;1024.0;
47047;Inna;Ignatieva;UKR;1127;2040;2;1020.0;
54588;Elsa;Goras;SWE;1128;2032;2;1016.0;
45952;Emily;Gibbins;GBR;1129;2030;2;1015.0;
34012;Giulia;Rigoni;ITA;1130;2028;2;1014.0;
3450;Jessica;Limpach;BEL;1131;2027;2;1013.5;
42159;Nastja;Ferluga;ITA;1131;2027;2;1013.5;
1291;Nina;Doellgast;GER;1133;2026;2;1013.0;
5287;Darya;Sepandj;CAN;1133;2026;2;1013.0;
43695;Lily;Addicott;USA;1135;2025;2;1012.5;
54446;Anna;Batcheler;NZL;1135;2025;2;1012.5;
31937;Diane;Greney;FRA;1137;2024;2;1012.0;
42379;Ana;Golovei;MDA;1138;2022;4;505.5;
44589;Hedda Kaerner;Grooss;DEN;1139;2020;2;1010.0;
20021;Mali;Gederaas Kanstad;NOR;1139;2020;2;1010.0;
24807;Wai ki;Fung;HKG;1141;2018;3;672.7;
53000;Katerina;Hanusova;CZE;1142;2017;2;1008.5;
44607;Eliza;Odrina;LAT;1143;2013;2;1006.5;
856;Ainsley;Scott;AUS;1144;2011;2;1005.5;
45392;Eerika;Riutto;FIN;1145;2010;2;1005.0;
1221;Dragana;Dokmanovic;SRB;1145;2010;2;1005.0;
47453;Coline;Debreux;FRA;1147;2008;2;1004.0;
44252;Zsuzsa;Gonczi;HUN;1148;2007;2;1003.5;
50849;Sina;Gasser;SUI;1149;2006;2;1003.0;
3796;Kirstin;Maxwell;GBR;1150;2005;2;1002.5;
5553;Juliette;Soulard;FRA;1151;2004;2;1002.0;
47106;Signe;Moeller Skaug;DEN;1151;2004;2;1002.0;
32207;Abigail;George;AUS;1153;2003;2;1001.5;
46743;Barbora;Zelnikova;SVK;1154;2002;2;1001.0;
50027;Heidi;Vanhala;FIN;1154;2002;2;1001.0;
46893;Malgorzata;Porzycz;POL;1156;1998;2;999.0;
18849;Linnea;Daniels;SWE;1156;1998;2;999.0;
38465;Iga;Mikula;POL;1156;1998;2;999.0;
3178;Adrija;Kulbokaite;LTU;1159;1993;2;996.5;
51528;Magdalena;Wagner Salas;CHI;1159;1993;3;664.3;
6632;Marili;Zimmermann;EST;1159;1993;2;996.5;
56057;Florie;Clement;FRA;1162;1991;2;995.5;
46825;Arianna;Patini;ITA;1163;1989;2;994.5;
44504;Brina;Kolner;SLO;1164;1986;2;993.0;
37274;Lucine;Gintzburger;FRA;1165;1985;2;992.5;
50028;Mette;Palokangas;FIN;1165;1985;2;992.5;
37179;Milja;Hyyppa;FIN;1167;1981;2;990.5;
36573;Jess;Ensoll;GBR;1168;1980;2;990.0;
24057;Rachel;Allen;AUS;1169;1978;2;989.0;
3989;Mariana;Moreira;POR;1169;1978;2;989.0;
44651;Marta;Ruseva;BUL;1169;1978;2;989.0;
20064;Marina;Garcia Castro;ESP;1172;1976;2;988.0;
47611;Rebecca;Grant;NZL;1173;1974;2;987.0;
38464;Daria;Mikula;POL;1174;1973;2;986.5;
43870;Vilma;Svantesson;SWE;1175;1971;2;985.5;
44600;Franka;Klein;GER;1176;1969;2;984.5;
53916;Beate;Strand;NOR;1177;1968;2;984.0;
19874;Hanga;Morandini;HUN;1178;1967;2;983.5;
40452;Mille;Vasshaug Jegtvik;NOR;1179;1960;2;980.0;
50345;Olha;Yenkalo;UKR;1179;1960;2;980.0;
44645;Chloe;Robert;FRA;1181;1959;2;979.5;
20210;Kinga;Varsanyi;HUN;1182;1957;2;978.5;
46338;Elin;Hugosson;SWE;1183;1950;2;975.0;
42553;Carmen;Schwammberger;SUI;1183;1950;2;975.0;
46546;Kaisu;Kolehmainen;FIN;1185;1948;2;974.0;
37379;Marie;Bolzer;FRA;1186;1947;2;973.5;
33244;Kotomi;Ibe;JPN;1187;1942;2;971.0;
44197;Julia;Biskupska;POL;1188;1941;2;970.5;
42250;Adrianna;Filipiak;POL;1189;1936;2;968.0;
44296;Anna;Wartewig;GER;1189;1936;2;968.0;
50766;Sara;Bojte;ROU;1191;1927;2;963.5;
41295;Kristiina;Valimaa;FIN;1192;1925;2;962.5;
45744;Ciel;Matthew;GBR;1193;1921;2;960.5;
50036;Anni;Taulavuori;FIN;1194;1917;2;958.5;
49864;Jasna;Starovic;SRB;1195;1916;2;958.0;
51885;Kristine Berg;Hansen;DEN;1196;1910;2;955.0;
47049;Alisa;Zemliakova;UKR;1196;1910;2;955.0;
37387;Ines;Augusto;POR;1198;1901;2;950.5;
41165;Mareli;Vaher;EST;1199;1897;2;948.5;
45430;Live;Oestvold;NOR;1200;1896;2;948.0;
37462;Anda;Jaunmuktane;LAT;1201;1895;2;947.5;
44868;Haruka;Oishi;JPN;1202;1891;2;945.5;
50447;Nicole;Pagliari;ITA;1202;1891;2;945.5;
49847;Doris;Nikolic;SRB;1204;1890;2;945.0;
42545;Laura Lorena;Arbelaez Bedoyra;COL;1205;1887;3;629.0;
43987;Felicitas;Vogt;GER;1205;1887;2;943.5;
42111;Anca;Deac;ROU;1207;1881;2;940.5;
46981;Marta;Joonas;EST;1208;1879;2;939.5;
27147;Bethany;Kippin;GBR;1209;1877;2;938.5;
4016;Heather;Muir;AUS;1210;1876;2;938.0;
19563;Fanni Jauhojarvi;Markussen;DEN;1211;1875;2;937.5;
33491;Elina;Rauhala;FIN;1212;1868;2;934.0;
47585;Alison;Power;NZL;1213;1866;2;933.0;
44675;Robin;Nikolic;SRB;1214;1863;2;931.5;
40695;Malene Teresia;Jebsen;NOR;1214;1863;2;931.5;
25413;Zeynep;Ocak;TUR;1216;1861;2;930.5;
21533;Marie;Tammemae;EST;1216;1861;2;930.5;
41735;Sofia;Martinez Gomez;ESP;1218;1857;2;928.5;
51487;Kaho;Kurosawa;JPN;1219;1856;2;928.0;
5467;Radka;Sklenarova;CZE;1220;1847;2;923.5;
21078;Hilda Yuen Ki;Cheng;HKG;1221;1843;3;614.3;
47610;Emma;Carruthers;NZL;1221;1843;2;921.5;
43102;Sarah;Darley;GBR;1223;1840;2;920.0;
39713;Sarah;Wimberley;RSA;1224;1836;2;918.0;
28353;Silvia;Minella;ITA;1225;1831;2;915.5;
33670;Hilal;Oruc Kaya;TUR;1226;1824;2;912.0;
51264;Marikki;Juntunen;FIN;1226;1824;2;912.0;
50845;Sanjana;Klieber;SUI;1228;1822;2;911.0;
3474;Rona;Lindsay;GBR;1229;1821;2;910.5;
23627;Olga;Cecan;MDA;1230;1819;3;606.3;
24263;Kristel;Koivo;EST;1231;1816;2;908.0;
44361;Sonia;Rampado;ITA;1232;1815;2;907.5;
53892;Plamena;Cholakova;BUL;1233;1814;2;907.0;
774;Alice;Butt;GBR;1234;1801;2;900.5;
50870;Zoe;Dell Andrino;SUI;1235;1800;2;900.0;
42136;Heather;Corden;GBR;1236;1792;2;896.0;
36069;Rosie;Spencer;GBR;1237;1791;2;895.5;
51229;Lara;Gantar;SLO;1238;1790;2;895.0;
44741;Sila;Dursun;TUR;1239;1786;2;893.0;
37009;Sophie;Jones;GBR;1239;1786;2;893.0;
46824;Sara;Biagini;ITA;1241;1783;2;891.5;
48470;Niamh;Hoare;NZL;1242;1782;2;891.0;
48747;Amy;Lee Jones;GBR;1243;1781;2;890.5;
46133;Larissa;Schneider;BRA;1244;1780;2;890.0;
44745;Heidi;Li;HKG;1245;1771;4;442.8;
41011;Maris;Palopaal;EST;1246;1762;2;881.0;
4545;Galyna;Petrenko;UKR;1247;1758;2;879.0;
53044;Athene Wessel;Larsen;DEN;1248;1757;2;878.5;
3360;Vivian;Lee;HKG;1249;1755;3;585.0;
46933;Emanuela;Stoyanova;BUL;1250;1749;2;874.5;
53287;Natsuho;Sakaike;JPN;1250;1749;2;874.5;
4369;Tori;Owen;CAN;1252;1743;2;871.5;
53542;Kataliina;Kokkoniemi Zuluaga;COL;1253;1737;3;579.0;
50327;Inken;Deichmann;GER;1254;1735;2;867.5;
33564;Ana Maria;Tudorache;ROU;1254;1735;2;867.5;
33677;Gulce;Celik;TUR;1256;1732;2;866.0;
53197;Akiko;Mizobata;JPN;1256;1732;2;866.0;
34373;Amber;Riddle;NZL;1258;1728;2;864.0;
51559;Barbara Alejandra;Molina Venegas;CHI;1259;1727;3;575.7;
41323;Maja;Gajic;SRB;1260;1726;2;863.0;
45178;Chiara;Zanoli;ITA;1261;1719;2;859.5;
43643;Katharina;Linke;GER;1262;1714;2;857.0;
41001;Ivana;Sokolovic;SRB;1263;1710;3;570.0;
46131;Rafaela Souza;Pettersen;BRA;1264;1709;2;854.5;
55398;Freya;Billinghurst;GBR;1265;1705;2;852.5;
43204;Meredith;Moody;GBR;1265;1705;2;852.5;
47944;Eri;Yamamoto;JPN;1265;1705;2;852.5;
55812;Grace;Cory Wright;NZL;1268;1702;2;851.0;
19073;Claudia;Rooman;BEL;1269;1697;2;848.5;
46718;Natsuki;Taya;JPN;1270;1680;2;840.0;
48385;Marta;Costinha;POR;1271;1679;2;839.5;
37388;Matilde;Ribeiro;POR;1272;1678;2;839.0;
54611;Gintare;Gapsyte;LTU;1273;1676;2;838.0;
49748;Anne Qvortrup;Frederiksen;DEN;1274;1675;2;837.5;
36200;Vicky;Bailey;GBR;1275;1670;2;835.0;
49694;Ingrid;Hagberg;CAN;1275;1670;2;835.0;
53172;Ayana;Kouzai;JPN;1277;1666;2;833.0;
44671;Gaya;Mitzafon;ISR;1278;1653;2;826.5;
635;Andreina;Brandi;ITA;1279;1651;2;825.5;
35874;Betul;Esner;TUR;1280;1649;2;824.5;
46826;Gaia;Ferrante;ITA;1281;1648;2;824.0;
47464;Kako;Washizu;JPN;1282;1640;2;820.0;
42874;Yumi;Iwasaki;JPN;1283;1637;2;818.5;
45259;Maggie;Mackay;AUS;1284;1636;2;818.0;
43203;Sara;Roberto;POR;1284;1636;2;818.0;
43659;Antonia;Man;ROU;1286;1632;2;816.0;
3504;Ka Man;Liu;HKG;1287;1629;4;407.3;
37646;Isabella;ZinzanDickie;NZL;1288;1621;2;810.5;
47243;Alicia;McGivern;NZL;1289;1615;2;807.5;
4184;Miharu;Naganawa;JPN;1290;1599;2;799.5;
32874;Diana;Aleksieva;USA;1291;1592;3;530.7;
36066;Ffion;Jones;GBR;1292;1591;2;795.5;
41768;Anni;Pitkaeaho;FIN;1293;1582;3;527.3;
21104;Yuk Ching Winsome;Fung;HKG;1294;1558;3;519.3;
28520;Hei Tung;Leung;HKG;1295;1547;2;773.5;
55518;Enelise;Silva;BRA;1296;1538;2;769.0;
55143;Marisa;Abreu;POR;1297;1531;3;510.3;
43773;Mizuho;Kiguchi;JPN;1298;1514;2;757.0;
38737;Valentina;Cordoba rojas;COL;1299;1506;4;376.5;
50729;Yihan;Wang;CHN;1300;1505;3;501.7;
21044;Ka Man;Leung;HKG;1301;1502;3;500.7;
44847;Tiina Maria;Tali;EST;1302;1480;2;740.0;
4895;Angelica;Riley;USA;1303;1476;2;738.0;
43885;Baiba;Medne;LAT;1304;1470;2;735.0;
52197;Anna;Green;USA;1305;1468;2;734.0;
52763;Nuria;Oujo Miguez;ESP;1306;1465;2;732.5;
20010;Yoon sun;Cha;KOR;1307;1463;2;731.5;
47954;Yuika;Sasaki;JPN;1308;1459;2;729.5;
48230;Yiyuan;You;CHN;1309;1455;3;485.0;
6488;Szu Ying;Wu;TPE;1310;1452;2;726.0;
37391;Kailani;Ecke dos Santos;BRA;1311;1435;2;717.5;
237;Selvihan;Gunaydin;TUR;1312;1433;2;716.5;
51513;Karin;Curaqueo lizama;CHI;1313;1423;3;474.3;
53733;Sophie;Preston;GBR;1314;1414;2;707.0;
25929;Brigitte;Bordelon;USA;1315;1401;2;700.5;
53770;Reyhan;Pehlivan;TUR;1316;1397;2;698.5;
5886;Anca;Tetisan;ROU;1317;1366;2;683.0;
34048;Daria;Galateanu;ROU;1318;1344;2;672.0;
47833;Mariya;Perepelytsya;UKR;1318;1344;2;672.0;
28096;Kaho;Kotake;JPN;1320;1337;2;668.5;
48469;Ciara;Hoare;NZL;1321;1334;2;667.0;
51109;Alena;Belova;CAN;1322;1332;5;266.4;
47599;XiaoYu;Xiang;CHN;1323;1328;2;664.0;
52944;Anna;Crotova;MDA;1324;1290;2;645.0;
49803;Anastasija;Ljubenovic;SRB;1325;1286;2;643.0;
34588;Geovanna;Teles Cordeiro Mineiro;BRA;1326;1272;2;636.0;
36386;Leah;Williams;GBR;1327;1271;2;635.5;
51785;Emilia;Grosu;MDA;1328;1270;2;635.0;
47139;Kate;deBlonk;USA;1329;1260;2;630.0;
45035;Adela;Jelinkova;CZE;1330;1254;2;627.0;
47222;Savanna;Sweeney;AUS;1331;1245;2;622.5;
20207;Maelle;Beauvir;FRA;1332;1239;1;1239.0;
48267;Zizhuo;Liu;CHN;1333;1226;2;613.0;
36822;Vilma;Blennow;SWE;1334;1217;1;1217.0;
48570;Madeline;Bell;NZL;1335;1210;2;605.0;
3600;Johanna;Lonnkvist;SWE;1336;1209;1;1209.0;
2921;Silken;Kleer;CAN;1337;1207;2;603.5;
4900;Lisa;Risby;SWE;1338;1204;1;1204.0;
38216;Toni;Bachvarova;AUS;1339;1203;2;601.5;
1347;Lena;Eliasson;SWE;1340;1202;1;1202.0;
23304;Cecilie Friberg;Klysner;DEN;1340;1202;1;1202.0;
23337;Moa;Leijon Lind;SWE;1342;1199;1;1199.0;
27692;Louise;Lundgren;SWE;1343;1195;1;1195.0;
52365;Alexandra;Fonseca;ESP;1344;1194;2;597.0;
52066;Helene;Scheele;NOR;1345;1192;1;1192.0;
2399;Gunvor;Hov Hoydal;NOR;1346;1190;1;1190.0;
41292;Ronja;Hugg;SWE;1347;1189;1;1189.0;
2345;Marion;Huber;NOR;1347;1189;1;1189.0;
4251;Anna;Narhi;FIN;1349;1188;1;1188.0;
42187;Ida;Bengtsson;SWE;1350;1187;1;1187.0;
536;Ida Schwartz;Bobach;DEN;1351;1186;1;1186.0;
47036;Filippa;Hjerne;SWE;1352;1185;1;1185.0;
4961;Elena;Howald Roos;SUI;1353;1184;1;1184.0;
53851;Qiong;Luo;CHN;1354;1182;1;1182.0;
26696;Marlin;Haavengen;NOR;1355;1181;1;1181.0;
27958;Amanda;Hansson;SWE;1356;1179;1;1179.0;
2515;Stina;Jansson;SWE;1357;1176;1;1176.0;
55767;Hedda;Rosengren Svensson;SWE;1357;1176;1;1176.0;
18831;Linnea;Holmqvist;SWE;1359;1175;1;1175.0;
18916;Elli;Peltomaki;FIN;1359;1175;1;1175.0;
33642;Nerea;Gonzalez;ESP;1361;1173;1;1173.0;
20206;Ingeborg;Eide;NOR;1361;1173;1;1173.0;
6379;Heini;Wennman;FIN;1361;1173;1;1173.0;
6415;Tone;Wigemyr;NOR;1364;1171;1;1171.0;
2001;Henna Riikka;Haikonen;FIN;1364;1171;1;1171.0;
20920;Tilla;Farnes Hennum;NOR;1366;1169;1;1169.0;
50732;Zhiye;Li;CHN;1367;1168;2;584.0;
28517;Moa;Kjellstrand;SWE;1368;1167;1;1167.0;
55742;Hillevie;Svaerd;SWE;1369;1166;1;1166.0;
50850;Laurianne;Plattner;SUI;1369;1166;1;1166.0;
2933;Emma;Klingenberg;DEN;1371;1165;1;1165.0;
5884;Marketa;Tesarova;CZE;1372;1164;1;1164.0;
263;Heidi;Bagstevold;NOR;1372;1164;1;1164.0;
54434;Elitsa;Atanasova;BUL;1372;1164;1;1164.0;
31551;Elisa;Bertozzi;SUI;1375;1163;1;1163.0;
28999;Maureen;Olsson Lo;SWE;1375;1163;2;581.5;
23043;Tereza;Novakova;CZE;1377;1162;1;1162.0;
37754;Sarka;Wolfova;CZE;1378;1159;1;1159.0;
44069;Vilde Margrethe;Saebboe;NOR;1378;1159;1;1159.0;
53295;Hanna;Oberg;SWE;1380;1158;1;1158.0;
21514;Oona;Valkonen;FIN;1381;1156;1;1156.0;
19470;Saanamaria;Rahko;FIN;1381;1156;1;1156.0;
44414;Ebba;Thern;SWE;1381;1156;1;1156.0;
33930;Lene Berg;Hanssen;NOR;1381;1156;1;1156.0;
56345;Hilda;Maarsell;SWE;1385;1155;1;1155.0;
23400;Magdalena;Klusackova;CZE;1386;1154;1;1154.0;
38394;Ella Noora;Rahkola;FIN;1386;1154;1;1154.0;
53576;Yui;Nomura;JPN;1386;1154;2;577.0;
21048;Frida;Erkers;SWE;1389;1153;1;1153.0;
18888;Gunhild Rogne;Halland;NOR;1389;1153;1;1153.0;
19037;Kerstin;Ullmann;SUI;1391;1152;1;1152.0;
19034;Andrea;Roggo;SUI;1392;1148;1;1148.0;
106;Evine;Westli Andersen;NOR;1392;1148;1;1148.0;
28543;Ines;Pozo Prada;ESP;1394;1147;1;1147.0;
32917;Emma;Helmersson;SWE;1395;1146;1;1146.0;
54341;Marketa;Rotkova;CZE;1396;1144;1;1144.0;
3958;Zenia;Mogensen;DEN;1396;1144;1;1144.0;
37668;Petrina;Costermans;SWE;1398;1143;1;1143.0;
55730;Linda;Sahlin;SWE;1398;1143;1;1143.0;
56110;Norah;Lindner;GER;1398;1143;1;1143.0;
21884;Teele;Tsoba;EST;1398;1143;1;1143.0;
1586;Anna;Forsberg;SWE;1398;1143;1;1143.0;
27595;Hedwig;Haas;SWE;1398;1143;1;1143.0;
56411;Ylva;Klausen;NOR;1404;1140;1;1140.0;
28653;Katarzyna;Slusarczyk;POL;1404;1140;1;1140.0;
1903;Kine;Gulliksen;NOR;1404;1140;1;1140.0;
6094;Ulrika;Uotila;FIN;1404;1140;1;1140.0;
52451;Margarida;Miranda;POR;1408;1138;2;569.0;
34146;Zuzanna;Gielec;POL;1408;1138;1;1138.0;
21485;Klara;Yngvesson;SWE;1410;1137;1;1137.0;
53332;Olga;Rindeskog;SWE;1410;1137;1;1137.0;
47002;Sara;Szakal Biro;HUN;1410;1137;1;1137.0;
42438;Eliska;Hajkova;CZE;1413;1136;1;1136.0;
27208;Maria;Hoskari;FIN;1414;1133;1;1133.0;
44062;Ronja;Jungaker;SWE;1414;1133;1;1133.0;
34119;Mari Stoeen;Gussiaas;NOR;1414;1133;1;1133.0;
43734;Hanna;Lagerberg;SWE;1417;1129;1;1129.0;
1223;Monika;Dolezalova;CZE;1417;1129;1;1129.0;
25987;Deborah;Stadler;SUI;1419;1128;1;1128.0;
4347;Hollie;Orr;GBR;1420;1127;1;1127.0;
42152;Melissa;Trochut;FRA;1420;1127;1;1127.0;
36469;Estefania;Valencia;ECU;1422;1126;2;563.0;
14618;Jan;Panchartek;CZE;1422;1126;1;1126.0;
6125;Liga;Valdmane;LAT;1422;1126;1;1126.0;
34760;Marie;Vuitton;FRA;1425;1124;1;1124.0;
28194;Salla;Saarijarvi;FIN;1425;1124;1;1124.0;
19096;Vendula;Horcickova;CZE;1427;1123;1;1123.0;
55755;Moa;Bergqvist;SWE;1427;1123;1;1123.0;
55778;Sigrid;Ljunggren;SWE;1427;1123;1;1123.0;
3949;Katja;Mjosund;FIN;1427;1123;1;1123.0;
53304;Ebba;Ottosson;SWE;1431;1122;1;1122.0;
28109;Johanna;Sjolund;SWE;1432;1121;1;1121.0;
1592;Lilian;Forsgren;SWE;1433;1120;1;1120.0;
40262;Julia;Naeslund;SWE;1433;1120;1;1120.0;
40874;Kim;Hadorn;SUI;1433;1120;1;1120.0;
50863;Laura;Wipfli;SUI;1433;1120;1;1120.0;
2942;Jana;Stehlikova;CZE;1437;1119;1;1119.0;
3349;Alice;Leake;GBR;1437;1119;1;1119.0;
39764;Iulia;Stupu;ROU;1437;1119;1;1119.0;
28119;Karolina;Sikova;CZE;1437;1119;1;1119.0;
22597;Elina;Syrjalainen;FIN;1437;1119;1;1119.0;
44685;Barbora;Holasova;CZE;1442;1117;1;1117.0;
54983;Ella;Clauson;AUS;1443;1116;1;1116.0;
6386;Jenny;Westerbergh;SWE;1444;1115;1;1115.0;
50544;Eszter;Balazs;HUN;1444;1115;1;1115.0;
5614;Zuzana;Jedlickova;CZE;1446;1114;1;1114.0;
5795;Ildiko;Szerencsi;HUN;1446;1114;1;1114.0;
610;Matleena;Bostrom;FIN;1446;1114;1;1114.0;
53214;Vendela;Rundstrom;SWE;1449;1113;1;1113.0;
36714;Julia;Gannon;AUS;1449;1113;1;1113.0;
28438;Melina;Lahdenpera;FIN;1449;1113;1;1113.0;
42148;Lilou;Parigot;FRA;1452;1112;1;1112.0;
33896;Diane;Body;FRA;1452;1112;1;1112.0;
2902;Tiina;Haarlaa;FIN;1454;1111;1;1111.0;
1186;Laura;Diener;SUI;1454;1111;1;1111.0;
53840;Hedda;Kjeldsen;NOR;1456;1110;1;1110.0;
55758;Malin;Stromqvist;SWE;1456;1110;1;1110.0;
2350;Nicole;Hueber;FRA;1456;1110;1;1110.0;
36960;Rannveig Winsnes;Nordhagen;NOR;1459;1109;1;1109.0;
46649;Eszter;Kocsik;HUN;1459;1109;1;1109.0;
48135;Synne Sommerstad;Roste;NOR;1461;1108;1;1108.0;
4591;Barbora;Pijakova;SVK;1461;1108;1;1108.0;
51431;Ellinor;Almkvist;SWE;1463;1106;1;1106.0;
4624;Dominika;Plochova;CZE;1464;1105;1;1105.0;
4638;Lenka;Petrzelova;CZE;1465;1104;1;1104.0;
288;Barbora;Baldrianova;CZE;1465;1104;1;1104.0;
5576;Martina;Spurna;CZE;1467;1103;1;1103.0;
28504;Hanga;Szuromi;HUN;1467;1103;1;1103.0;
41690;Nikola;Zlamalova;CZE;1469;1102;1;1102.0;
173;Anja;Arbter;AUT;1470;1101;1;1101.0;
2869;Vanda;Kinde;HUN;1471;1100;1;1100.0;
18702;Lilly;Gross;SUI;1472;1099;1;1099.0;
34066;Dorottya;Hajnal;HUN;1472;1099;1;1099.0;
50284;Emma;Almgren;SWE;1472;1099;1;1099.0;
42482;Lisa;Christen;SUI;1475;1098;1;1098.0;
41489;Jana;Semradova;CZE;1476;1096;1;1096.0;
4092;Marte;Narum;NOR;1476;1096;1;1096.0;
231;Paivi;Autio;FIN;1476;1096;1;1096.0;
6319;Martina;Walch;AUT;1476;1096;1;1096.0;
19072;Ingunn Egeberg;Vari;NOR;1480;1095;1;1095.0;
20826;Isabel;Salen;SWE;1480;1095;1;1095.0;
44661;Diana Maria;Pop;ROU;1482;1093;1;1093.0;
41812;Aline;Mathis;SUI;1482;1093;1;1093.0;
54451;Maijukka;Hanhijarvi;FIN;1482;1093;1;1093.0;
44018;Maria Ulseth;Sylte;NOR;1485;1092;1;1092.0;
2635;Emma;Juga;FIN;1486;1091;1;1091.0;
50223;Ilona;Tikkakoski;FIN;1486;1091;1;1091.0;
45349;Eszter;Kocsik;HUN;1486;1091;1;1091.0;
55718;Alice;Rytterstedt;SWE;1486;1091;1;1091.0;
53915;Malene;Instanes;NOR;1486;1091;1;1091.0;
43620;Matilda;Aasa;SWE;1491;1090;1;1090.0;
43220;Dana;Honzakova;CZE;1491;1090;1;1090.0;
2306;Sandy;Hott;CAN;1491;1090;1;1090.0;
54334;Venla;Heinimaa;FIN;1494;1089;1;1089.0;
51353;Vera Grotli;Melkild;NOR;1494;1089;1;1089.0;
43768;Zanda;Stabina;LAT;1494;1089;1;1089.0;
40366;Lovisa;Gustafsson;SWE;1497;1088;1;1088.0;
24246;Venla;Kinnala;FIN;1497;1088;1;1088.0;
50858;Sara;Bolliger;SUI;1499;1087;1;1087.0;
1556;Mojca;Flerin Drevensek;SLO;1499;1087;1;1087.0;
44431;Dora;Delic;CRO;1499;1087;1;1087.0;
44934;Irina;Mayer;SUI;1502;1086;1;1086.0;
52102;Filippa;Braun;SWE;1502;1086;1;1086.0;
56060;Manon;Martinien;FRA;1504;1085;1;1085.0;
54661;Loones;Sophie;FRA;1505;1084;1;1084.0;
42318;Ema;Bulirova;CZE;1506;1083;1;1083.0;
55705;Hana;Koubova;CZE;1506;1083;1;1083.0;
41503;Kamila;Springlova;CZE;1506;1083;1;1083.0;
55950;Petra;Landovska;CZE;1509;1082;1;1082.0;
56188;Liv;Charbonnier;FRA;1510;1081;1;1081.0;
32013;Sonja;Mellberg;FIN;1510;1081;1;1081.0;
53679;Nora;Westerlund;SWE;1512;1080;1;1080.0;
47056;Katerina;Neverilova;CZE;1512;1080;1;1080.0;
54654;Lena;Guiheneuf;FRA;1512;1080;1;1080.0;
44287;Anna;Lithell;SWE;1515;1079;1;1079.0;
6018;Verena;Troi;ITA;1515;1079;1;1079.0;
42001;Lotte;Tiesters;BEL;1515;1079;1;1079.0;
51273;Sara;Lysemose;DEN;1518;1078;1;1078.0;
42264;Lili;Lantai;HUN;1518;1078;1;1078.0;
18999;Irene;Pozzebon;ITA;1520;1076;1;1076.0;
44228;Linnea;Myrskog;FIN;1521;1075;1;1075.0;
55659;Irma;Berg;SWE;1521;1075;1;1075.0;
56072;Lise;Pellissier;FRA;1523;1074;1;1074.0;
42036;Jule;Rossner;GER;1524;1073;1;1073.0;
19908;Triinu;Rooni Kangur;EST;1524;1073;1;1073.0;
21250;Antonia;Erhart;AUT;1524;1073;1;1073.0;
2207;Eleri;Hirv;EST;1524;1073;1;1073.0;
36414;Wenke;Heinemann;GER;1528;1072;1;1072.0;
34260;Vilma;Pesu;FIN;1528;1072;1;1072.0;
53043;Demelza;Robinson;NZL;1530;1071;3;357.0;
6295;Klara;Vozdova;CZE;1530;1071;1;1071.0;
50516;Ida Olea;Solli;NOR;1530;1071;1;1071.0;
47638;Xin Yi;Cai;HKG;1533;1070;2;535.0;
55774;Ida;Oesterberg;SWE;1533;1070;1;1070.0;
32497;Sofie Skyttersaeter;Iversen;NOR;1535;1068;1;1068.0;
37111;Tilda;Segerslatt;SWE;1535;1068;1;1068.0;
56478;Doris;Iko;SWE;1535;1068;1;1068.0;
43708;Maren;Guthier;GER;1535;1068;1;1068.0;
19937;Magdalena;Cermakova;CZE;1539;1067;1;1067.0;
20870;Maiken;Hagard;NOR;1539;1067;1;1067.0;
1474;Olena;Fedorovska;UKR;1541;1066;1;1066.0;
31837;Heta;Virtanen;FIN;1541;1066;1;1066.0;
42612;Peppi;Sikkila;FIN;1543;1065;1;1065.0;
55729;Emma;Hasselstrom;SWE;1543;1065;1;1065.0;
24231;Leenukka;Hanhijarvi;FIN;1545;1064;1;1064.0;
2510;Elsa;Jansson;SWE;1546;1063;1;1063.0;
33115;Silvie;Slavikova;CZE;1546;1063;1;1063.0;
38424;Melissa Ulsoee;Jessen;DEN;1548;1062;1;1062.0;
55706;Linn;Deboussard;SWE;1549;1061;1;1061.0;
53756;Elsa;Granholm;SWE;1550;1060;1;1060.0;
48791;Scarlett;Kelly;GBR;1550;1060;1;1060.0;
6401;Georgia;Whitla;NZL;1550;1060;1;1060.0;
33349;Charlotte Meike;Leonhardt;GER;1553;1059;1;1059.0;
55709;Ellen;Thorsen;SWE;1553;1059;1;1059.0;
56092;Katharina;Sass;GER;1555;1058;1;1058.0;
40505;Anine Kjorholt;Lie;NOR;1555;1058;1;1058.0;
56156;Ellyn;Besse;FRA;1555;1058;1;1058.0;
28121;Dianora;Herashchenko;GER;1555;1058;1;1058.0;
54413;Noan;Bouvier;FRA;1559;1057;1;1057.0;
52331;Siri;Gautschi Simonsen;DEN;1560;1055;1;1055.0;
612;Estelle;Bouchan;FRA;1560;1055;1;1055.0;
43646;Alice;Kemsley;GBR;1562;1053;1;1053.0;
50270;Marketa;Thorova;CZE;1562;1053;1;1053.0;
4407;Hannula Katrin;Pandis;EST;1564;1052;1;1052.0;
52014;Agnes;Lindblom;SWE;1564;1052;1;1052.0;
32267;Anna;Parsons;NZL;1564;1052;2;526.0;
19872;Katalin;Rusvai;HUN;1564;1052;1;1052.0;
27420;Rahel;Zuercher;SUI;1564;1052;1;1052.0;
18997;Federica;Negri;ITA;1569;1051;1;1051.0;
45787;Lina;Suwald;SUI;1569;1051;1;1051.0;
53236;Alice;Johansson;SWE;1569;1051;1;1051.0;
23951;Kristin;Brekke;NOR;1569;1051;1;1051.0;
28579;Ellie;de Jong;AUS;1573;1050;1;1050.0;
47648;Emily;Atkinson;GBR;1573;1050;1;1050.0;
33495;Iida;Varmavuo;FIN;1575;1049;1;1049.0;
56076;Romane;Olivier;FRA;1575;1049;1;1049.0;
37687;Rita;Sarkozy;HUN;1575;1049;1;1049.0;
2357;Niina;Hulkkonen;FIN;1578;1048;1;1048.0;
20786;Kristine;Kravdal;NOR;1579;1047;1;1047.0;
37105;Tsveta;Ilieva;BUL;1579;1047;1;1047.0;
46370;Anna;Arvidsson;SWE;1581;1046;1;1046.0;
203;Maria;Arvidsson;SWE;1582;1045;1;1045.0;
43382;Elisa;Manty;FIN;1582;1045;1;1045.0;
54587;Karin;Modin;SWE;1582;1045;1;1045.0;
49676;Lotten;Kindlundh;SWE;1585;1044;1;1044.0;
54636;Anna Stroem;Juliussen;NOR;1586;1043;1;1043.0;
27216;Delia;Giezendanner;SUI;1586;1043;1;1043.0;
54644;Elodie;Donet;FRA;1586;1043;1;1043.0;
56157;Salome;Auzeloux;FRA;1589;1042;1;1042.0;
46061;Katherine;Maundrell;AUS;1589;1042;1;1042.0;
54937;Sanda;Halpin;AUS;1591;1041;1;1041.0;
53097;Ariadna;Iskhakova;AUS;1591;1041;1;1041.0;
54328;Katerina;Koberova;CZE;1593;1040;1;1040.0;
56058;Louise;Ahond;FRA;1594;1039;1;1039.0;
43621;Anna;Aasa;SWE;1594;1039;1;1039.0;
55894;Manon;Quere;FRA;1596;1038;1;1038.0;
28856;Francesca;De Nardis;ITA;1596;1038;1;1038.0;
22808;Cecile;Marcuzzi;FRA;1596;1038;1;1038.0;
48012;Megan;Brown;GBR;1599;1037;1;1037.0;
50391;Ofri;Yacobi;ISR;1599;1037;1;1037.0;
56064;Lisa;Le contellec;FRA;1599;1037;1;1037.0;
53327;Emma;Rindstig;SWE;1602;1036;1;1036.0;
45175;Duquenne;AUdrey;FRA;1603;1035;1;1035.0;
20693;Beatriz;Sanguino;POR;1603;1035;1;1035.0;
56047;Salome;Gros;FRA;1605;1034;1;1034.0;
56046;Juliette;Pelletier;FRA;1605;1034;1;1034.0;
51190;Tine;Dalgaard;DEN;1607;1033;1;1033.0;
37233;Fanny;Thonier;FRA;1607;1033;1;1033.0;
56128;Margo;Videira;FRA;1609;1032;1;1032.0;
56147;Marie;Berche;FRA;1609;1032;1;1032.0;
47403;Stepanka;Klackova;CZE;1611;1031;1;1031.0;
53562;AinoMaria;Manki;FIN;1612;1030;1;1030.0;
41736;Vanda;Bardon Kinde;HUN;1613;1029;1;1029.0;
2807;Emily;Kemp;CAN;1613;1029;1;1029.0;
50585;Ida;Monsen;NOR;1613;1029;1;1029.0;
2349;Diane;Hueber;FRA;1616;1028;1;1028.0;
18866;Dudu;Erol;TUR;1616;1028;1;1028.0;
37743;Elsa;Barthel;GER;1618;1027;1;1027.0;
40685;Ingrid Marie Stubban;Hygen;NOR;1619;1026;1;1026.0;
53881;Csepke;Dora;HUN;1619;1026;1;1026.0;
46667;Siri Gautschi;Simonsen;DEN;1619;1026;1;1026.0;
47659;Nika;Rayward;NZL;1619;1026;1;1026.0;
56079;Jade;Sanchez;FRA;1623;1025;1;1025.0;
19369;Clement;Raymondaud;FRA;1623;1025;1;1025.0;
56052;Lou;Gondcaille;FRA;1625;1023;1;1023.0;
55052;Sophie;Hartmann;AUS;1625;1023;1;1023.0;
55634;Guendalina;Ciarlitto;ITA;1627;1021;1;1021.0;
26746;Lotte;Myklemyr;NOR;1627;1021;1;1021.0;
56129;Agnes;Francois;FRA;1627;1021;1;1021.0;
41938;Camilla;Aigmueller;AUT;1627;1021;1;1021.0;
55506;Nikolett;Szucs;HUN;1627;1021;1;1021.0;
47071;Mika;Asenbauer;AUT;1632;1020;1;1020.0;
51270;Ella;Hogg;AUS;1632;1020;1;1020.0;
40944;Emilia;Uurasjarvi;FIN;1634;1019;1;1019.0;
56130;Elise;Mathot;FRA;1635;1018;1;1018.0;
6254;Rebeka;Vincze;HUN;1635;1018;1;1018.0;
44332;Hanne;Kaufmann;GER;1637;1016;1;1016.0;
31940;Eszter;Mantuano;HUN;1637;1016;1;1016.0;
42328;Emma;Joonas;EST;1639;1015;1;1015.0;
56131;Melanie;Peker;FRA;1639;1015;1;1015.0;
56074;Marion;Riollet;FRA;1639;1015;1;1015.0;
56155;Fiona;Basset;FRA;1642;1014;1;1014.0;
34418;Roope;Sormunen;FIN;1643;1013;1;1013.0;
53917;Vida Helland;Hansen;NOR;1643;1013;1;1013.0;
33483;Satu;Asikainen;FIN;1645;1012;1;1012.0;
5716;Linnea;Sundstroem;SWE;1645;1012;1;1012.0;
45966;Merianna;Rantakokko;FIN;1645;1012;1;1012.0;
4982;Sabine;Rothaug;GER;1648;1011;1;1011.0;
2389;Marie;Hammer Haversen;NOR;1649;1010;1;1010.0;
27694;Kristel;Sibul;EST;1649;1010;1;1010.0;
56140;Louise;Grall Lucas;FRA;1651;1009;1;1009.0;
3836;Franziska;Meier;SUI;1652;1008;1;1008.0;
51316;Marjaana;Nurmo;FIN;1652;1008;1;1008.0;
838;Laura;Carluccio;ITA;1652;1008;1;1008.0;
46837;Emma;Hallaaho;FIN;1655;1006;1;1006.0;
56112;Luise;Drechsler;GER;1655;1006;1;1006.0;
51184;Pauline;Vuillemin;FRA;1657;1005;1;1005.0;
53720;Lizhen;Chen;CHN;1657;1005;1;1005.0;
55749;Ida;Larsson;SWE;1657;1005;1;1005.0;
45986;Sanni;Heikkinen;FIN;1660;1003;1;1003.0;
51478;Pavla;Simsova;CZE;1661;1002;1;1002.0;
19928;Linda;Indola;GER;1661;1002;1;1002.0;
56045;Mathilde;Barre;FRA;1661;1002;1;1002.0;
19032;Miitu;Honkanen;FIN;1664;1001;1;1001.0;
34139;Katarzyna;Ciesiolka;POL;1665;1000;1;1000.0;
19673;Dorothea;Mueller;GER;1665;1000;1;1000.0;
53540;Anni;Frondelius;FIN;1667;999;1;999.0;
9999;Evgenii;Gorbunov;RUS;1668;998;1;998.0;
56080;Laila;Mareigner;FRA;1669;997;1;997.0;
37331;Amanda;Hansen;FIN;1670;995;1;995.0;
34389;Ozge;Bozca;TUR;1670;995;1;995.0;
43499;Hannele;Aulamo;FIN;1672;994;1;994.0;
42480;Margaux;Leclerc;FRA;1673;992;1;992.0;
56081;Louise;Meyruey;FRA;1673;992;1;992.0;
52970;Xanthe;Schubert;AUS;1675;991;1;991.0;
54581;Apolline;Verove;FRA;1676;990;1;990.0;
22686;Marjukka;Hanhijarvi;FIN;1676;990;1;990.0;
54270;Olivia;Ahlborn;NZL;1678;988;1;988.0;
56201;Coline;Mougeot;FRA;1678;988;1;988.0;
44357;Silvia;Di Stefano;ITA;1678;988;1;988.0;
47635;Leane;Courtois;FRA;1678;988;1;988.0;
20227;Madli Johanna;Maidla;EST;1682;986;1;986.0;
54355;Essi;Korhonen;FIN;1683;985;1;985.0;
41284;Miina;Ruoti;FIN;1683;985;1;985.0;
54331;Iliana;Chasovnikarova;BUL;1683;985;1;985.0;
6679;Liesbeth;Van de Velde;BEL;1683;985;1;985.0;
56401;Ina Catharina;Storroenning;NOR;1687;984;1;984.0;
53531;Linda;Tomaskova;CZE;1688;983;1;983.0;
35091;Goda;Ziaziulyte;LTU;1688;983;1;983.0;
24277;Tereza;Miklusova;SVK;1688;983;1;983.0;
54504;Alexiane;Baud;FRA;1691;982;1;982.0;
41775;Anna;Vanasaun;UKR;1691;982;1;982.0;
56053;Marilou;Sanchez;FRA;1693;981;1;981.0;
54498;Esther;Schulte Zurhausen;GER;1693;981;1;981.0;
36977;Jovana;Talijan;SRB;1695;980;1;980.0;
56095;Livia;Uhlemann;GER;1696;978;1;978.0;
21053;Pik Kwan;Tang;HKG;1697;976;2;488.0;
5861;Catherine;Taylor;GBR;1698;975;1;975.0;
54670;Estelle;Mahalin;FRA;1698;975;1;975.0;
56078;Alice;Perruchaud;FRA;1698;975;1;975.0;
44572;Hetaliina;Karkiainen;FIN;1701;974;1;974.0;
49723;Aoife;Rothery;AUS;1701;974;1;974.0;
56067;Flora;Legros;FRA;1703;973;1;973.0;
36284;Amelie;Josefsson;SWE;1703;973;1;973.0;
35906;Evie;Conway;GBR;1703;973;1;973.0;
54415;Alice;Petit;FRA;1706;972;1;972.0;
50592;Regina;Carlen;SWE;1706;972;1;972.0;
3944;Saho;Kume;JPN;1706;972;1;972.0;
43583;Riikka;Peltonen;FIN;1706;972;1;972.0;
54722;Aleksandra;Nekrilova;SRB;1710;971;1;971.0;
46182;Kaja Samuelsen;Skiri;NOR;1711;969;1;969.0;
53846;Karla;Breckle;GER;1712;968;1;968.0;
50200;Eline;Kaerger;GER;1712;968;1;968.0;
25109;Caroline;Sandelin;FIN;1714;966;1;966.0;
51414;Annika;Strauss;GER;1715;965;1;965.0;
56255;Katarzyna;Ilko;POL;1715;965;1;965.0;
52079;Kun;Wang;CHN;1717;964;1;964.0;
50097;Riikka;Haverinen;FIN;1718;963;1;963.0;
5419;Agnes;Simon;HUN;1719;962;1;962.0;
6325;Sara;Prince;SWE;1720;961;1;961.0;
55900;Melanie;Pastor;GER;1720;961;1;961.0;
659;Ingvild;Brekke;NOR;1720;961;1;961.0;
52113;Tangling;Mao;CHN;1723;960;1;960.0;
54329;Tereza;Fejfarova;CZE;1723;960;1;960.0;
6597;Asa;Zetterberg Eriksson;SWE;1723;960;1;960.0;
4488;Jenny;Peel;GBR;1723;960;1;960.0;
40408;Anete;Strauta;LAT;1723;960;1;960.0;
53365;Dorottya;Makovinyi;AUT;1728;959;1;959.0;
31833;Margot;Ranoux;FRA;1729;956;1;956.0;
56068;Nesrine;Kermezli;FRA;1730;955;1;955.0;
56152;Noemie;Feaux de Lacroix;FRA;1730;955;1;955.0;
49691;Hanna;Larsson;SWE;1730;955;1;955.0;
51120;Emma Bloch;Frandsen;DEN;1733;953;1;953.0;
41917;Eli Fjellbirkeland;Johannesen;NOR;1733;953;1;953.0;
37763;Ema;Havlikova;SVK;1733;953;1;953.0;
6334;Yuen Ting;Wan;HKG;1736;952;2;476.0;
50440;Dora;Vukelic;CRO;1737;951;1;951.0;
2069;Rebecca;Harding;GBR;1737;951;1;951.0;
37744;Marit;Wersin;GER;1737;951;1;951.0;
49383;Charlotte;Sykes;GBR;1740;950;1;950.0;
41980;Maija;Taillieu;BEL;1741;949;1;949.0;
37766;Viktoria;Kostercova;SVK;1741;949;1;949.0;
56048;Axelle;Poivert;FRA;1743;948;1;948.0;
34188;Ana Pia;Pogacar;SLO;1744;947;1;947.0;
51737;Tonje;Pihl;DEN;1744;947;1;947.0;
44491;Veronika;Engl;GER;1744;947;1;947.0;
28581;Aleksandra;Mazan;POL;1744;947;1;947.0;
43390;Maria;Pineiro Varela;ESP;1748;946;1;946.0;
43983;Kaatje;Fantini;GER;1749;944;1;944.0;
54567;Michaela;Simunkova;CZE;1750;940;1;940.0;
39673;Alex;Elliot;GBR;1750;940;1;940.0;
704;Clare;Brownridge;AUS;1750;940;1;940.0;
49408;Hannah;Freeman;GBR;1753;938;1;938.0;
44248;Aoi;Miyakawa;JPN;1754;936;1;936.0;
40397;Oili;Holopainen;FIN;1755;933;1;933.0;
24926;Maria;Gorczyca;POL;1756;932;1;932.0;
37848;Erica;Ceresa;ITA;1756;932;1;932.0;
44392;Torun;Joergensen;NZL;1756;932;1;932.0;
28344;Valentina;Gramaccia;ITA;1759;931;1;931.0;
22713;Anni;Vayrynen;FIN;1760;930;1;930.0;
6269;Mariya;Vlassova;KAZ;1760;930;1;930.0;
48386;Marion;Amet;FRA;1762;929;1;929.0;
42259;Wiktoria;Doren;POL;1763;928;1;928.0;
5680;Anca;Stupu;ROU;1764;926;1;926.0;
56135;Ana;Heurtaux;FRA;1764;926;1;926.0;
43457;Anna;Murgatroyd;GBR;1766;925;1;925.0;
54277;Saki;Oto;JPN;1767;924;1;924.0;
33484;Miina;Hietala;FIN;1767;924;1;924.0;
32236;Theresia;Meissner;GER;1769;923;1;923.0;
55593;Keely;Williams;AUS;1769;923;1;923.0;
44994;Anita;Cozzi;ITA;1771;921;1;921.0;
51331;Zlatina;Gencheva;BUL;1772;920;1;920.0;
41941;Livia;Radon;AUT;1773;917;1;917.0;
51485;Lani;Murray;NZL;1774;916;1;916.0;
53055;Ladina;Baur;SUI;1775;915;1;915.0;
53330;Vendela;Sturek;SWE;1775;915;1;915.0;
4263;Toni;O Donovan;IRL;1775;915;1;915.0;
56056;Louison;Jezequel;FRA;1775;915;1;915.0;
56085;Melina Lucia;Tippmann;GER;1775;915;1;915.0;
52336;Bronwen;Rees Jones;NZL;1780;914;1;914.0;
41202;Sophie;Arthur;AUS;1781;913;1;913.0;
51066;Yekaterina;Chshipkova;KAZ;1782;912;1;912.0;
44490;Isabel;Jakob;GER;1783;911;1;911.0;
56205;Coline;Luthringer;FRA;1783;911;1;911.0;
50096;Miina;Hyytiainen;FIN;1785;910;1;910.0;
28195;Lotta;Sandroos;FIN;1785;910;1;910.0;
6657;Sadie;Zwikker;NED;1785;910;1;910.0;
44702;Baris;Sarica;TUR;1788;909;1;909.0;
23420;Emmi;Haavisto;FIN;1789;905;1;905.0;
25288;Karo;Saxtorph Schulz;DEN;1790;904;1;904.0;
56050;Maxence;Risbec;FRA;1791;903;1;903.0;
3543;Kamila;Lubak;POL;1791;903;1;903.0;
49603;Dongzi;Su;CHN;1793;901;1;901.0;
54533;Eloane;Champ;FRA;1793;901;1;901.0;
45197;Agathe;Gourrat;FRA;1795;899;1;899.0;
802;Tugba;Cin;TUR;1795;899;1;899.0;
49889;Liina;Viitasaari;FIN;1795;899;1;899.0;
51932;Chen;Li zhen;CHN;1798;898;1;898.0;
45260;Alice;Radajewski;AUS;1799;896;1;896.0;
38889;Viviana;Guerrero H;COL;1799;896;2;448.0;
54965;Mira;Walter;AUS;1799;896;1;896.0;
22196;Georgia;Jones;GBR;1802;895;1;895.0;
44962;Iiris;YliKaatiala;FIN;1802;895;1;895.0;
1829;Friederike;Graumann;GER;1802;895;1;895.0;
33348;Meike;Hennseler;GER;1805;893;1;893.0;
52987;Yvana;Cuperus;SUI;1805;893;1;893.0;
37599;Hannah;Winkler;AUT;1805;893;1;893.0;
53795;Boglarka;Danko;HUN;1808;890;1;890.0;
616;Elodie;BourgeoisPin;FRA;1808;890;1;890.0;
46839;Maria;Hyttinen;FIN;1808;890;1;890.0;
54648;Malou;Bonhomme;FRA;1808;890;1;890.0;
46733;Hanna;Svanberg;SWE;1812;888;1;888.0;
41303;Henrika;Vallema;FIN;1813;887;1;887.0;
44873;Boroka;Werner;HUN;1813;887;1;887.0;
51467;Nishikawa;Mayu;JPN;1815;886;1;886.0;
48389;Grace;Mahoney;CAN;1815;886;1;886.0;
3159;Merla;Kubli;SUI;1817;885;1;885.0;
47650;Svetlana;Ezhunova;ISR;1818;884;1;884.0;
19877;Zsofia;Ratinland;HUN;1819;883;1;883.0;
55643;Katy;Hogg;AUS;1819;883;1;883.0;
44451;Laura;Venhauer;AUT;1821;881;1;881.0;
28908;Maria;Lerssi;FIN;1822;877;1;877.0;
8013;Rieke;Bruns;GER;1822;877;1;877.0;
34302;Weronika;Fortuniak;POL;1822;877;1;877.0;
46442;Neringa;Tautvydaite;LTU;1825;876;1;876.0;
42822;Momoko;Kuriyama;JPN;1825;876;1;876.0;
56104;Swenja;Sickert;GER;1827;875;1;875.0;
41347;Arianna;Arpagaus;SUI;1828;874;1;874.0;
21938;Laura;Hindle;GBR;1829;873;1;873.0;
53726;ZhaoTing;Jiang;CHN;1829;873;2;436.5;
40071;Lenka;Kovarova;CZE;1831;872;1;872.0;
56259;Dominika;Ugray;SVK;1831;872;1;872.0;
54627;Patritsiya;Pesheva;BUL;1833;871;1;871.0;
54493;Meika;Tomita;JPN;1834;870;1;870.0;
51484;Runa;Sugita;JPN;1835;866;1;866.0;
50017;Mette;Soini;FIN;1836;865;1;865.0;
44694;Erika;Matulionyte;LTU;1837;862;1;862.0;
56174;Ludmila;Hancarova;SVK;1837;862;1;862.0;
56269;Viktoria;Rohacova;SVK;1837;862;1;862.0;
21483;Pia;Buchholz;GER;1840;860;1;860.0;
51622;Julia;Barbour;AUS;1840;860;1;860.0;
4840;Kirti;Rebane;EST;1842;859;1;859.0;
5131;Yana;Bogya;BUL;1843;858;1;858.0;
47316;Rikke Quist;Hansen;DEN;1843;858;1;858.0;
3281;Hei Yiu Alicia;Lam;HKG;1843;858;2;429.0;
55633;Francesca;Solaro;ITA;1846;857;1;857.0;
27633;Valeria;Baraghin;MDA;1846;857;1;857.0;
40963;Kertu;Savitsch;EST;1848;856;1;856.0;
54527;Delphine;Chambiron;FRA;1849;854;1;854.0;
27201;Megan;Harrison;GBR;1850;853;1;853.0;
5199;Mira;Scheir;BEL;1851;852;1;852.0;
54318;Aoi;Hirasawa;JPN;1852;851;1;851.0;
20239;Mana;Nakamura;JPN;1853;850;1;850.0;
42302;Aleksandra;Ciura;POL;1853;850;1;850.0;
24966;Chiara;Caglio;ITA;1855;849;1;849.0;
33081;Laurence;Defraigne;BEL;1855;849;1;849.0;
46617;Emese;Takacs;HUN;1857;848;1;848.0;
47900;Terumi;Kaneko;JPN;1858;846;1;846.0;
37765;Simona;Mihalicova;SVK;1859;845;1;845.0;
52111;ZaiYun;Yang;CHN;1860;841;1;841.0;
5322;Silvia;Shandurkova;BUL;1860;841;1;841.0;
55629;Lisa;Cozzi;ITA;1862;836;1;836.0;
52973;Katerina;Mimrova;CZE;1863;835;1;835.0;
43989;Zuzana;Kovacova;SVK;1863;835;1;835.0;
48318;Katelin;Toes;NZL;1863;835;1;835.0;
37827;Eloise;Lardet;GBR;1866;833;1;833.0;
37717;Leana Jete;Korb;EST;1867;828;1;828.0;
43929;Tina Kate;Spektore;LAT;1868;827;1;827.0;
50846;Elizabeth;Grasset;SUI;1869;826;1;826.0;
37867;Yu Chi;Liang;TPE;1870;825;1;825.0;
22898;Rachel;Heron;CAN;1871;824;2;412.0;
1176;Aurelie;Deschepper;BEL;1872;820;1;820.0;
22788;Pinja;Hietanen;FIN;1873;817;1;817.0;
56109;Mariia;Iurchuk;GER;1874;815;1;815.0;
42213;Kamila;Pompurova;SVK;1875;813;1;813.0;
48020;Jing;Wu;CHN;1876;807;1;807.0;
50319;Marta;Wojczyk;POL;1877;806;1;806.0;
55733;Cecilia;Volger;SUI;1878;805;1;805.0;
50264;Annabel;Teetamm;EST;1879;804;1;804.0;
53048;Mia;Sipila;FIN;1880;801;1;801.0;
47319;Shinta;Margaretta;INA;1881;800;1;800.0;
46415;Ieva;Gapsyte;LTU;1882;799;1;799.0;
54390;Siff;Salsoe;DEN;1882;799;1;799.0;
36611;Linnea;Gustafsson;SWE;1882;799;1;799.0;
43639;Katja;Blume;GER;1885;797;1;797.0;
48683;Tetiana;Franchuk;POR;1886;796;1;796.0;
54217;Mai;Sugino;JPN;1887;795;1;795.0;
55817;Alessandra;Nobrega;BRA;1888;792;2;396.0;
24446;Lauren;Baade;AUS;1889;790;1;790.0;
1642;Alison;Fryer;GBR;1890;782;1;782.0;
25162;Tatiana;Fadeeva;RUS;1891;779;1;779.0;
48145;Klara;Kivijarvi;SWE;1891;779;1;779.0;
54240;Wakaba;Sato;JPN;1893;777;1;777.0;
20238;Anele;Kerpauskaite;LTU;1893;777;1;777.0;
54548;Kim;Tirez;BEL;1895;775;1;775.0;
37011;Eleanor;McLean;AUS;1896;770;1;770.0;
50625;Emilija;Veljovic;SRB;1896;770;1;770.0;
42416;Anete;Saar;EST;1898;762;1;762.0;
23080;Rumiko;Ito;JPN;1899;760;1;760.0;
51339;Shuangyu;Zhu;CHN;1900;758;1;758.0;
53108;Aoi;Yamazoe;JPN;1900;758;1;758.0;
56062;Mira;Sandmeyer;GER;1902;752;1;752.0;
48256;ShiSi;Feng;CHN;1902;752;1;752.0;
55378;Georgia;Ledingham;GBR;1904;750;1;750.0;
41800;Salli;Suominen;FIN;1905;749;1;749.0;
28241;Yan;Wang;CHN;1906;745;1;745.0;
41348;Ana;Prusac;SRB;1907;744;1;744.0;
52976;Sandy;Rusconi;SUI;1908;741;1;741.0;
33685;Duygu;Yigen;TUR;1908;741;1;741.0;
50472;Ellie;Simpson;IRL;1908;741;1;741.0;
3340;Harriet;Lawson;GBR;1911;738;1;738.0;
51489;Shino;Tachibana;JPN;1912;735;1;735.0;
49951;Fiona;Palsgaard;DEN;1913;734;1;734.0;
53154;Mio;Oshida;JPN;1913;734;1;734.0;
53181;Hiyori;Yamamoto;JPN;1915;733;1;733.0;
54443;Chantal;Nietlispach;SUI;1916;732;1;732.0;
51786;Valeria;Hersun;MDA;1917;723;1;723.0;
655;Tjitske;Breimer;NED;1918;721;1;721.0;
41393;Jiyoung;Park;KOR;1918;721;2;360.5;
51918;YuQing;Zheng;CHN;1920;720;2;360.0;
53618;Anna;Donici;MDA;1921;719;1;719.0;
56404;Katriin;Onemar;EST;1921;719;1;719.0;
52138;Assem;Tarzhanova;KAZ;1923;715;1;715.0;
53187;Ami;Kikuchi;JPN;1924;714;1;714.0;
51515;Kiwa;Ota;JPN;1925;713;1;713.0;
51161;Petra;Tinnyei;HUN;1926;711;1;711.0;
2717;Naoko;Kano;JPN;1926;711;1;711.0;
56270;Sofia;Sekaninova;SVK;1928;699;1;699.0;
46828;Irene;Malfatti;ITA;1929;697;1;697.0;
54290;Yelyzaveta;Hutsenko;CAN;1930;696;1;696.0;
43779;Nakano;Mayu;JPN;1931;688;1;688.0;
42418;Liina;Vesilind;EST;1932;686;1;686.0;
41002;Nevena;Peuraca;SRB;1933;684;1;684.0;
53343;Tove;Fraenell;SWE;1933;684;1;684.0;
48952;Lucie;Janouskova;CZE;1935;683;1;683.0;
56093;Livia;Bauerfeld;GER;1936;680;1;680.0;
51436;Satono;Yokoi;JPN;1937;676;1;676.0;
54338;Yesica;Parada;COL;1938;675;1;675.0;
46873;Maria;Tovchigrechko;GER;1939;674;1;674.0;
53188;Susuko;Miyata;JPN;1940;673;1;673.0;
51386;Louise;Barbour;AUS;1941;672;1;672.0;
55519;Karin;Prince;NZL;1942;668;1;668.0;
51995;Anna;Bools;GBR;1943;667;3;222.3;
50740;Yuqiu;Zhao;CHN;1943;667;1;667.0;
44426;Cristina;Cretu;ROU;1945;663;1;663.0;
46940;Mathilde;Soensterudbraaten;NOR;1945;663;1;663.0;
24110;Heidi;Jensen;NOR;1947;661;1;661.0;
53035;Natasa;Vasojevic;SRB;1947;661;1;661.0;
34210;Elena;Marti Barclay;ESP;1949;659;1;659.0;
53346;Lara;Geiger;GER;1950;656;1;656.0;
47250;Arni Afineti;Indah Putri;INA;1950;656;1;656.0;
46257;Samantha;Walker;USA;1952;648;1;648.0;
46462;Lena Maria;Klose;GER;1953;645;1;645.0;
37365;Milena;Bojovic;SRB;1953;645;1;645.0;
53211;Ema;Watanabe;JPN;1955;640;1;640.0;
4046;Lene Therese;Myrland;NOR;1956;639;1;639.0;
48888;Chizu;Kiyotani;JPN;1957;637;2;318.5;
53084;Suzuka;Asano;JPN;1957;637;1;637.0;
56103;Ulla;Horst;GER;1959;633;1;633.0;
4357;Sena;Otlu;TUR;1959;633;1;633.0;
53729;Johanna;Asprusten;NOR;1961;628;1;628.0;
45048;Miyu;Kikuchi;JPN;1962;623;1;623.0;
44678;Sofija;Janjic;SRB;1963;621;1;621.0;
46215;Tamara;Komatovic;SRB;1963;621;2;310.5;
52620;Helena;Wiles;GBR;1965;617;1;617.0;
51978;Xu;JiaLin;CHN;1965;617;1;617.0;
28035;Jenna;Tidswell;NZL;1967;598;1;598.0;
43032;Carlotta;Haupt;GER;1968;589;1;589.0;
44649;Niya;Onufrieva;BUL;1969;588;1;588.0;
54612;Greta;Mazuraityte;LTU;1970;586;1;586.0;
3052;Sabeth;Kosch;GER;1970;586;1;586.0;
45022;Elena;Sirbu;MDA;1972;582;1;582.0;
41792;Suvi;Pakkila;FIN;1972;582;1;582.0;
52048;Natalia;Griaznevich;GBR;1974;581;1;581.0;
43785;Viktorija;Puncule;LAT;1975;572;1;572.0;
52182;Rachel;Basevi;NZL;1976;570;1;570.0;
51939;Yuk Yan;Leung;HKG;1977;568;2;284.0;
3406;Hei Tung;Leung;HKG;1978;565;1;565.0;
56101;Leonie;Vilz;GER;1978;565;1;565.0;
56090;Oleksandra;Moroz;GER;1980;562;1;562.0;
50404;Jelena;Lesjak;CRO;1981;555;2;277.5;
33331;Anna;Jo;KOR;1982;553;1;553.0;
54840;Patricia;Sousa;POR;1983;549;1;549.0;
56217;Terezia;Pompurova;SVK;1984;546;1;546.0;
51789;Ecaterina;Cruceniuc;MDA;1985;544;1;544.0;
56086;Roza;Burdukova;GER;1985;544;1;544.0;
44263;Grace;Zoppi;USA;1987;537;1;537.0;
51250;Lin;ChiaHui;TPE;1988;535;1;535.0;
4668;Kseniya;Popova;USA;1989;534;1;534.0;
55645;Daisy;McCauley;AUS;1989;534;1;534.0;
51872;Yuk ki;Wu;HKG;1991;532;2;266.0;
19374;Alixia;Demichelis;FRA;1992;528;1;528.0;
52316;Allie;Ziehl;USA;1993;522;1;522.0;
476;Kar;Bik Tam;HKG;1994;521;2;260.5;
45257;Amy;Dufty;AUS;1995;512;1;512.0;
52882;Sharon;Lequeux;NZL;1995;512;2;256.0;
51794;Alina;Tembea;ROU;1997;509;1;509.0;
38691;Lai Han Dennex;Lui;HKG;1998;506;2;253.0;
53387;Elze;Vainoriute;LTU;1999;503;1;503.0;
51324;Varpu;Asukas;FIN;2000;496;1;496.0;
51318;Maria;Bo Koelbaek;DEN;2001;493;1;493.0;
55905;Greta;Simkonyte;LTU;2002;489;1;489.0;
884;Lai Yee;Chan;HKG;2003;487;1;487.0;
46196;Alexandra;Nicoliuc;MDA;2004;483;1;483.0;
46494;Merilin;Vahtra;EST;2005;481;1;481.0;
50581;Naho;Horiguchi;JPN;2006;475;2;237.5;
52359;Ines;Soares;POR;2007;472;1;472.0;
51203;Chia Yun;WU;TPE;2008;468;1;468.0;
47261;Siti Aisyah;Ranukumbolo;INA;2008;468;1;468.0;
55642;Kimberley;Clifton;AUS;2010;467;1;467.0;
34455;Maja Maerkedahl;Lilleoer;DEN;2011;464;1;464.0;
53727;QiYing;Peng;CHN;2012;462;1;462.0;
54723;Jelena;Stankovic;SRB;2013;461;1;461.0;
52871;Nerissa;Lee;GBR;2014;460;2;230.0;
53118;Kumi;Kondo;JPN;2015;458;1;458.0;
42817;Iris Andrea;Arcila Castro;COL;2016;457;1;457.0;
56111;Adela;Cori;SVK;2017;456;1;456.0;
51309;Sarah;Richards;AUS;2018;454;1;454.0;
51956;Siyi;Wu;CHN;2018;454;1;454.0;
52868;Anne Kari;Hammer;NOR;2020;427;1;427.0;
45762;Hana;Myers;USA;2021;421;1;421.0;
53861;Chieh Ju;Yang;TPE;2022;413;2;206.5;
53213;Kazuno;Yamashita;JPN;2023;392;1;392.0;
52952;Lisa;Haycock;NZL;2024;387;1;387.0;
51964;Balqis Shafira;Chairuliez;INA;2025;386;1;386.0;
47680;Fei Suet;Fong;HKG;2026;369;2;184.5;
51792;Iana;Blagodadschih;MDA;2026;369;1;369.0;
54634;Kerria;Lines;GBR;2028;368;1;368.0;
36818;Qingli;Liao;CHN;2029;366;2;183.0;
50756;Ingrid;Elmiger;PAR;2030;365;1;365.0;
56107;Lena;Messner;GER;2031;354;1;354.0;
56311;Cristina;Suvac;MDA;2032;352;1;352.0;
5956;Natasa;Todosic;SRB;2033;347;1;347.0;
50730;Meilun;Xian;CHN;2034;335;1;335.0;
930;Wei Ki Rainky;Cheung;HKG;2035;332;1;332.0;
6466;Yuk Hing;Wong;HKG;2036;318;1;318.0;
51408;Marcela;Bano;ECU;2037;316;2;158.0;
53453;Ieva;Norke;LTU;2038;301;1;301.0;
4663;Sarah;Pope;RSA;2038;301;1;301.0;
52096;Xiuqi Elise;Han;HKG;2040;296;1;296.0;
49720;Dunja;Tatic;SRB;2041;284;1;284.0;
54320;Iren;Hoffmann Berei;ROU;2042;283;1;283.0;
51482;Alleta;Monts;USA;2043;274;1;274.0;
52003;Man Yee;Cheung;HKG;2044;258;1;258.0;
928;Lai Kuen Mona;Cheung;HKG;2045;251;1;251.0;
32966;Joyce;Rodrigues de Souza Carvalho;BRA;2046;240;1;240.0;
51948;Liu;Xixi;CHN;2047;233;1;233.0;
48616;Kate;Bosher;GBR;2048;190;1;190.0;
51278;Liliana;Bratkevich;URU;2049;123;1;123.0;
36543;Monika Martina;Sipina Halper;CRO;2050;117;1;117.0;
32206;Andrawinaning Tyas;Raras;INA;2051;112;1;112.0;
47692;Nur;Ashifa;INA;2052;101;1;101.0;
52249;Ines;Perdigao;POR;2053;74;1;74.0;
34591;Angie;Hurtado Rojas;COL;2054;72;2;36.0;
47708;Siti;Patimah;INA;2055;67;1;67.0;
51899;Shuk Han;Leung;GBR;2056;44;1;44.0;
24117;Heather;Wimberley;RSA;2057;30;1;30.0;
50064;Grace;Suhocki;USA;2058;10;1;10.0;
50490;Miriam;Sanabria Montiel;PAR;2058;10;1;10.0;
47754;Isna Ana;Angger A A;INA;2058;10;1;10.0;
48376;Serra;Aktas;TUR;2058;10;1;10.0;
47668;Tri;Yulianti;INA;2058;10;1;10.0;
47437;Grandis;Kumala;INA;2058;10;1;10.0;
51890;Rita;Astrida;INA;2058;10;1;10.0;
51441;Catalina;Castaneda Echeverri;COL;2058;10;1;10.0;
55072;Corina;Ferreira;ESP;2058;10;1;10.0;
54818;Shelby;Dos Santos;RSA;2058;10;1;10.0;
54542;Jenifer;Troyano Gomez;ESP;2058;10;1;10.0;
54469;Esmeralda;Salguero mata;CRC;2058;10;1;10.0;
19891;Sarah;Roffe;RSA;2058;10;1;10.0;
53140;Rita;Mele;ITA;2058;10;1;10.0;
52980;Yan;Huang;CHN;2058;10;1;10.0;
51159;Mellya Nuraisyah;Zasri;INA;2058;10;1;10.0;
52520;Patricia;Wong;HKG;2058;10;1;10.0;
52216;Nattayada;Ruanpor;THA;2058;10;1;10.0;
51929;Watiah;Nur Agustin;INA;2058;10;1;10.0;
51927;Kiki;Andini;INA;2058;10;1;10.0;
51921;Alin Nur;Islami;INA;2058;10;1;10.0;
51876;Ayunita;Pangesti;INA;2058;10;1;10.0;
51860;Maulida;Nur Alifia;INA;2058;10;1;10.0;
51858;Unaisa;Farkha Al Akhsani;INA;2058;10;1;10.0;
52221;Nattida;Khamthai;THA;2058;10;1;10.0;
47634;Madalina;Suciu;ROU;2058;10;1;10.0;
